Copyright 1986-2020 Xilinx, Inc. All Rights Reserved.
--------------------------------------------------------------------------------------------------------------------------------------------------------------------------------------------------------------------------------------------------------
| Tool Version : Vivado v.2020.2 (win64) Build 3064766 Wed Nov 18 09:12:45 MST 2020
| Date         : Thu Aug  6 18:20:08 2026
| Host         : DESKTOP-7CFQ9ND running 64-bit major release  (build 9200)
| Command      : report_timing_summary -max_paths 10 -file zybo_secure_control_unit_v2_timing_summary_routed.rpt -pb zybo_secure_control_unit_v2_timing_summary_routed.pb -rpx zybo_secure_control_unit_v2_timing_summary_routed.rpx -warn_on_violation
| Design       : zybo_secure_control_unit_v2
| Device       : 7z020-clg400
| Speed File   : -1  PRODUCTION 1.12 2019-11-22
--------------------------------------------------------------------------------------------------------------------------------------------------------------------------------------------------------------------------------------------------------

Timing Summary Report

------------------------------------------------------------------------------------------------
| Timer Settings
| --------------
------------------------------------------------------------------------------------------------

  Enable Multi Corner Analysis               :  Yes
  Enable Pessimism Removal                   :  Yes
  Pessimism Removal Resolution               :  Nearest Common Node
  Enable Input Delay Default Clock           :  No
  Enable Preset / Clear Arcs                 :  No
  Disable Flight Delays                      :  No
  Ignore I/O Paths                           :  No
  Timing Early Launch at Borrowing Latches   :  No
  Borrow Time for Max Delay Exceptions       :  Yes
  Merge Timing Exceptions                    :  Yes

  Corner  Analyze    Analyze    
  Name    Max Paths  Min Paths  
  ------  ---------  ---------  
  Slow    Yes        Yes        
  Fast    Yes        Yes        



check_timing report

Table of Contents
-----------------
1. checking no_clock (0)
2. checking constant_clock (0)
3. checking pulse_width_clock (0)
4. checking unconstrained_internal_endpoints (0)
5. checking no_input_delay (6)
6. checking no_output_delay (5)
7. checking multiple_clock (0)
8. checking generated_clocks (0)
9. checking loops (0)
10. checking partial_input_delay (0)
11. checking partial_output_delay (0)
12. checking latch_loops (0)

1. checking no_clock (0)
------------------------
 There are 0 register/latch pins with no clock.


2. checking constant_clock (0)
------------------------------
 There are 0 register/latch pins with constant_clock.


3. checking pulse_width_clock (0)
---------------------------------
 There are 0 register/latch pins which need pulse_width check


4. checking unconstrained_internal_endpoints (0)
------------------------------------------------
 There are 0 pins that are not constrained for maximum delay.

 There are 0 pins that are not constrained for maximum delay due to constant clock.


5. checking no_input_delay (6)
------------------------------
 There are 6 input ports with no input delay specified. (HIGH)

 There are 0 input ports with no input delay but user has a false path constraint.


6. checking no_output_delay (5)
-------------------------------
 There are 5 ports with no output delay specified. (HIGH)

 There are 0 ports with no output delay but user has a false path constraint

 There are 0 ports with no output delay but with a timing clock defined on it or propagating through it


7. checking multiple_clock (0)
------------------------------
 There are 0 register/latch pins with multiple clocks.


8. checking generated_clocks (0)
--------------------------------
 There are 0 generated clocks that are not connected to a clock source.


9. checking loops (0)
---------------------
 There are 0 combinational loops in the design.


10. checking partial_input_delay (0)
------------------------------------
 There are 0 input ports with partial input delay specified.


11. checking partial_output_delay (0)
-------------------------------------
 There are 0 ports with partial output delay specified.


12. checking latch_loops (0)
----------------------------
 There are 0 combinational latch loops in the design through latch input



------------------------------------------------------------------------------------------------
| Design Timing Summary
| ---------------------
------------------------------------------------------------------------------------------------

    WNS(ns)      TNS(ns)  TNS Failing Endpoints  TNS Total Endpoints      WHS(ns)      THS(ns)  THS Failing Endpoints  THS Total Endpoints     WPWS(ns)     TPWS(ns)  TPWS Failing Endpoints  TPWS Total Endpoints  
    -------      -------  ---------------------  -------------------      -------      -------  ---------------------  -------------------     --------     --------  ----------------------  --------------------  
      0.326        0.000                      0                56845        0.014        0.000                      0                56845        3.500        0.000                       0                 23390  


All user specified timing constraints are met.


------------------------------------------------------------------------------------------------
| Clock Summary
| -------------
------------------------------------------------------------------------------------------------

Clock        Waveform(ns)         Period(ns)      Frequency(MHz)
-----        ------------         ----------      --------------
sys_clk_pin  {0.000 4.000}        8.000           125.000         


------------------------------------------------------------------------------------------------
| Intra Clock Table
| -----------------
------------------------------------------------------------------------------------------------

Clock             WNS(ns)      TNS(ns)  TNS Failing Endpoints  TNS Total Endpoints      WHS(ns)      THS(ns)  THS Failing Endpoints  THS Total Endpoints     WPWS(ns)     TPWS(ns)  TPWS Failing Endpoints  TPWS Total Endpoints  
-----             -------      -------  ---------------------  -------------------      -------      -------  ---------------------  -------------------     --------     --------  ----------------------  --------------------  
sys_clk_pin         0.326        0.000                      0                56845        0.014        0.000                      0                56845        3.500        0.000                       0                 23390  


------------------------------------------------------------------------------------------------
| Inter Clock Table
| -----------------
------------------------------------------------------------------------------------------------

From Clock    To Clock          WNS(ns)      TNS(ns)  TNS Failing Endpoints  TNS Total Endpoints      WHS(ns)      THS(ns)  THS Failing Endpoints  THS Total Endpoints  
----------    --------          -------      -------  ---------------------  -------------------      -------      -------  ---------------------  -------------------  


------------------------------------------------------------------------------------------------
| Other Path Groups Table
| -----------------------
------------------------------------------------------------------------------------------------

Path Group    From Clock    To Clock          WNS(ns)      TNS(ns)  TNS Failing Endpoints  TNS Total Endpoints      WHS(ns)      THS(ns)  THS Failing Endpoints  THS Total Endpoints  
----------    ----------    --------          -------      -------  ---------------------  -------------------      -------      -------  ---------------------  -------------------  


------------------------------------------------------------------------------------------------
| Timing Details
| --------------
------------------------------------------------------------------------------------------------


---------------------------------------------------------------------------------------------------
From Clock:  sys_clk_pin
  To Clock:  sys_clk_pin

Setup :            0  Failing Endpoints,  Worst Slack        0.326ns,  Total Violation        0.000ns
Hold  :            0  Failing Endpoints,  Worst Slack        0.014ns,  Total Violation        0.000ns
PW    :            0  Failing Endpoints,  Worst Slack        3.500ns,  Total Violation        0.000ns
---------------------------------------------------------------------------------------------------


Max Delay Paths
--------------------------------------------------------------------------------------
Slack (MET) :             0.326ns  (required time - arrival time)
  Source:                 u_jetson_encrypt/u_encrypt_ip/u_key_schedule/working_key_reg[6]/C
                            (rising edge-triggered cell FDRE clocked by sys_clk_pin  {rise@0.000ns fall@4.000ns period=8.000ns})
  Destination:            u_jetson_encrypt/u_encrypt_ip/u_key_schedule/round_keys_reg[936]/D
                            (rising edge-triggered cell FDRE clocked by sys_clk_pin  {rise@0.000ns fall@4.000ns period=8.000ns})
  Path Group:             sys_clk_pin
  Path Type:              Setup (Max at Slow Process Corner)
  Requirement:            8.000ns  (sys_clk_pin rise@8.000ns - sys_clk_pin rise@0.000ns)
  Data Path Delay:        7.652ns  (logic 1.767ns (23.092%)  route 5.885ns (76.908%))
  Logic Levels:           5  (LUT3=1 LUT5=1 LUT6=2 MUXF7=1)
  Clock Path Skew:        0.060ns (DCD - SCD + CPR)
    Destination Clock Delay (DCD):    5.485ns = ( 13.485 - 8.000 ) 
    Source Clock Delay      (SCD):    5.749ns
    Clock Pessimism Removal (CPR):    0.323ns
  Clock Uncertainty:      0.035ns  ((TSJ^2 + TIJ^2)^1/2 + DJ) / 2 + PE
    Total System Jitter     (TSJ):    0.071ns
    Total Input Jitter      (TIJ):    0.000ns
    Discrete Jitter          (DJ):    0.000ns
    Phase Error              (PE):    0.000ns

    Location             Delay type                Incr(ns)  Path(ns)    Netlist Resource(s)
  -------------------------------------------------------------------    -------------------
                         (clock sys_clk_pin rise edge)
                                                      0.000     0.000 r  
    K17                                               0.000     0.000 r  clk (IN)
                         net (fo=0)                   0.000     0.000    clk
    K17                  IBUF (Prop_ibuf_I_O)         1.475     1.475 r  clk_IBUF_inst/O
                         net (fo=1, routed)           2.522     3.997    clk_IBUF
    BUFGCTRL_X0Y16       BUFG (Prop_bufg_I_O)         0.101     4.098 r  clk_IBUF_BUFG_inst/O
                         net (fo=23389, routed)       1.651     5.749    u_jetson_encrypt/u_encrypt_ip/u_key_schedule/clk_IBUF_BUFG
    SLICE_X34Y92         FDRE                                         r  u_jetson_encrypt/u_encrypt_ip/u_key_schedule/working_key_reg[6]/C
  -------------------------------------------------------------------    -------------------
    SLICE_X34Y92         FDRE (Prop_fdre_C_Q)         0.478     6.227 r  u_jetson_encrypt/u_encrypt_ip/u_key_schedule/working_key_reg[6]/Q
                         net (fo=37, routed)          1.559     7.786    u_jetson_encrypt/u_encrypt_ip/u_key_schedule/working_key_reg_n_0_[6]
    SLICE_X40Y98         LUT6 (Prop_lut6_I4_O)        0.295     8.081 r  u_jetson_encrypt/u_encrypt_ip/u_key_schedule/i___328_i_6/O
                         net (fo=1, routed)           0.000     8.081    u_jetson_encrypt/u_encrypt_ip/u_key_schedule/i___328_i_6_n_0
    SLICE_X40Y98         MUXF7 (Prop_muxf7_I1_O)      0.217     8.298 r  u_jetson_encrypt/u_encrypt_ip/u_key_schedule/i___328_i_2/O
                         net (fo=1, routed)           0.501     8.799    u_jetson_encrypt/u_encrypt_ip/u_key_schedule/i___328_i_2_n_0
    SLICE_X40Y97         LUT6 (Prop_lut6_I1_O)        0.299     9.098 r  u_jetson_encrypt/u_encrypt_ip/u_key_schedule/i___328_i_1/O
                         net (fo=18, routed)          1.066    10.165    u_jetson_encrypt/u_encrypt_ip/u_key_schedule/next_round_key_return[104]
    SLICE_X32Y91         LUT3 (Prop_lut3_I1_O)        0.150    10.315 r  u_jetson_encrypt/u_encrypt_ip/u_key_schedule/i___464_i_1/O
                         net (fo=7, routed)           2.275    12.590    u_jetson_encrypt/u_encrypt_ip/u_key_schedule/next_round_key_return[40]
    SLICE_X31Y140        LUT5 (Prop_lut5_I1_O)        0.328    12.918 r  u_jetson_encrypt/u_encrypt_ip/u_key_schedule/i___592/O
                         net (fo=2, routed)           0.483    13.401    u_jetson_encrypt/u_encrypt_ip/u_key_schedule/i___592_n_0
    SLICE_X31Y140        FDRE                                         r  u_jetson_encrypt/u_encrypt_ip/u_key_schedule/round_keys_reg[936]/D
  -------------------------------------------------------------------    -------------------

                         (clock sys_clk_pin rise edge)
                                                      8.000     8.000 r  
    K17                                               0.000     8.000 r  clk (IN)
                         net (fo=0)                   0.000     8.000    clk
    K17                  IBUF (Prop_ibuf_I_O)         1.404     9.404 r  clk_IBUF_inst/O
                         net (fo=1, routed)           2.293    11.697    clk_IBUF
    BUFGCTRL_X0Y16       BUFG (Prop_bufg_I_O)         0.091    11.788 r  clk_IBUF_BUFG_inst/O
                         net (fo=23389, routed)       1.697    13.485    u_jetson_encrypt/u_encrypt_ip/u_key_schedule/clk_IBUF_BUFG
    SLICE_X31Y140        FDRE                                         r  u_jetson_encrypt/u_encrypt_ip/u_key_schedule/round_keys_reg[936]/C
                         clock pessimism              0.323    13.809    
                         clock uncertainty           -0.035    13.774    
    SLICE_X31Y140        FDRE (Setup_fdre_C_D)       -0.047    13.727    u_jetson_encrypt/u_encrypt_ip/u_key_schedule/round_keys_reg[936]
  -------------------------------------------------------------------
                         required time                         13.727    
                         arrival time                         -13.401    
  -------------------------------------------------------------------
                         slack                                  0.326    

Slack (MET) :             0.351ns  (required time - arrival time)
  Source:                 u_jetson_encrypt/u_encrypt_ip/u_key_schedule/working_key_reg[6]/C
                            (rising edge-triggered cell FDRE clocked by sys_clk_pin  {rise@0.000ns fall@4.000ns period=8.000ns})
  Destination:            u_jetson_encrypt/u_encrypt_ip/u_key_schedule/round_keys_reg[808]/D
                            (rising edge-triggered cell FDRE clocked by sys_clk_pin  {rise@0.000ns fall@4.000ns period=8.000ns})
  Path Group:             sys_clk_pin
  Path Type:              Setup (Max at Slow Process Corner)
  Requirement:            8.000ns  (sys_clk_pin rise@8.000ns - sys_clk_pin rise@0.000ns)
  Data Path Delay:        7.628ns  (logic 1.767ns (23.165%)  route 5.861ns (76.835%))
  Logic Levels:           5  (LUT3=1 LUT5=1 LUT6=2 MUXF7=1)
  Clock Path Skew:        0.061ns (DCD - SCD + CPR)
    Destination Clock Delay (DCD):    5.486ns = ( 13.486 - 8.000 ) 
    Source Clock Delay      (SCD):    5.749ns
    Clock Pessimism Removal (CPR):    0.323ns
  Clock Uncertainty:      0.035ns  ((TSJ^2 + TIJ^2)^1/2 + DJ) / 2 + PE
    Total System Jitter     (TSJ):    0.071ns
    Total Input Jitter      (TIJ):    0.000ns
    Discrete Jitter          (DJ):    0.000ns
    Phase Error              (PE):    0.000ns

    Location             Delay type                Incr(ns)  Path(ns)    Netlist Resource(s)
  -------------------------------------------------------------------    -------------------
                         (clock sys_clk_pin rise edge)
                                                      0.000     0.000 r  
    K17                                               0.000     0.000 r  clk (IN)
                         net (fo=0)                   0.000     0.000    clk
    K17                  IBUF (Prop_ibuf_I_O)         1.475     1.475 r  clk_IBUF_inst/O
                         net (fo=1, routed)           2.522     3.997    clk_IBUF
    BUFGCTRL_X0Y16       BUFG (Prop_bufg_I_O)         0.101     4.098 r  clk_IBUF_BUFG_inst/O
                         net (fo=23389, routed)       1.651     5.749    u_jetson_encrypt/u_encrypt_ip/u_key_schedule/clk_IBUF_BUFG
    SLICE_X34Y92         FDRE                                         r  u_jetson_encrypt/u_encrypt_ip/u_key_schedule/working_key_reg[6]/C
  -------------------------------------------------------------------    -------------------
    SLICE_X34Y92         FDRE (Prop_fdre_C_Q)         0.478     6.227 r  u_jetson_encrypt/u_encrypt_ip/u_key_schedule/working_key_reg[6]/Q
                         net (fo=37, routed)          1.559     7.786    u_jetson_encrypt/u_encrypt_ip/u_key_schedule/working_key_reg_n_0_[6]
    SLICE_X40Y98         LUT6 (Prop_lut6_I4_O)        0.295     8.081 r  u_jetson_encrypt/u_encrypt_ip/u_key_schedule/i___328_i_6/O
                         net (fo=1, routed)           0.000     8.081    u_jetson_encrypt/u_encrypt_ip/u_key_schedule/i___328_i_6_n_0
    SLICE_X40Y98         MUXF7 (Prop_muxf7_I1_O)      0.217     8.298 r  u_jetson_encrypt/u_encrypt_ip/u_key_schedule/i___328_i_2/O
                         net (fo=1, routed)           0.501     8.799    u_jetson_encrypt/u_encrypt_ip/u_key_schedule/i___328_i_2_n_0
    SLICE_X40Y97         LUT6 (Prop_lut6_I1_O)        0.299     9.098 r  u_jetson_encrypt/u_encrypt_ip/u_key_schedule/i___328_i_1/O
                         net (fo=18, routed)          1.066    10.165    u_jetson_encrypt/u_encrypt_ip/u_key_schedule/next_round_key_return[104]
    SLICE_X32Y91         LUT3 (Prop_lut3_I1_O)        0.150    10.315 r  u_jetson_encrypt/u_encrypt_ip/u_key_schedule/i___464_i_1/O
                         net (fo=7, routed)           2.275    12.590    u_jetson_encrypt/u_encrypt_ip/u_key_schedule/next_round_key_return[40]
    SLICE_X31Y140        LUT5 (Prop_lut5_I1_O)        0.328    12.918 r  u_jetson_encrypt/u_encrypt_ip/u_key_schedule/i___592/O
                         net (fo=2, routed)           0.459    13.377    u_jetson_encrypt/u_encrypt_ip/u_key_schedule/i___592_n_0
    SLICE_X30Y142        FDRE                                         r  u_jetson_encrypt/u_encrypt_ip/u_key_schedule/round_keys_reg[808]/D
  -------------------------------------------------------------------    -------------------

                         (clock sys_clk_pin rise edge)
                                                      8.000     8.000 r  
    K17                                               0.000     8.000 r  clk (IN)
                         net (fo=0)                   0.000     8.000    clk
    K17                  IBUF (Prop_ibuf_I_O)         1.404     9.404 r  clk_IBUF_inst/O
                         net (fo=1, routed)           2.293    11.697    clk_IBUF
    BUFGCTRL_X0Y16       BUFG (Prop_bufg_I_O)         0.091    11.788 r  clk_IBUF_BUFG_inst/O
                         net (fo=23389, routed)       1.698    13.486    u_jetson_encrypt/u_encrypt_ip/u_key_schedule/clk_IBUF_BUFG
    SLICE_X30Y142        FDRE                                         r  u_jetson_encrypt/u_encrypt_ip/u_key_schedule/round_keys_reg[808]/C
                         clock pessimism              0.323    13.810    
                         clock uncertainty           -0.035    13.775    
    SLICE_X30Y142        FDRE (Setup_fdre_C_D)       -0.047    13.728    u_jetson_encrypt/u_encrypt_ip/u_key_schedule/round_keys_reg[808]
  -------------------------------------------------------------------
                         required time                         13.728    
                         arrival time                         -13.377    
  -------------------------------------------------------------------
                         slack                                  0.351    

Slack (MET) :             0.393ns  (required time - arrival time)
  Source:                 u_session_manager/FSM_sequential_jetson_state_reg[0]/C
                            (rising edge-triggered cell FDCE clocked by sys_clk_pin  {rise@0.000ns fall@4.000ns period=8.000ns})
  Destination:            u_jetson_encrypt/u_encrypt_ip/u_gcm_encrypt/FSM_onehot_state_reg[2]/CE
                            (rising edge-triggered cell FDRE clocked by sys_clk_pin  {rise@0.000ns fall@4.000ns period=8.000ns})
  Path Group:             sys_clk_pin
  Path Type:              Setup (Max at Slow Process Corner)
  Requirement:            8.000ns  (sys_clk_pin rise@8.000ns - sys_clk_pin rise@0.000ns)
  Data Path Delay:        7.335ns  (logic 2.001ns (27.280%)  route 5.334ns (72.720%))
  Logic Levels:           6  (LUT2=1 LUT4=1 LUT5=1 LUT6=3)
  Clock Path Skew:        -0.067ns (DCD - SCD + CPR)
    Destination Clock Delay (DCD):    5.256ns = ( 13.256 - 8.000 ) 
    Source Clock Delay      (SCD):    5.747ns
    Clock Pessimism Removal (CPR):    0.424ns
  Clock Uncertainty:      0.035ns  ((TSJ^2 + TIJ^2)^1/2 + DJ) / 2 + PE
    Total System Jitter     (TSJ):    0.071ns
    Total Input Jitter      (TIJ):    0.000ns
    Discrete Jitter          (DJ):    0.000ns
    Phase Error              (PE):    0.000ns

    Location             Delay type                Incr(ns)  Path(ns)    Netlist Resource(s)
  -------------------------------------------------------------------    -------------------
                         (clock sys_clk_pin rise edge)
                                                      0.000     0.000 r  
    K17                                               0.000     0.000 r  clk (IN)
                         net (fo=0)                   0.000     0.000    clk
    K17                  IBUF (Prop_ibuf_I_O)         1.475     1.475 r  clk_IBUF_inst/O
                         net (fo=1, routed)           2.522     3.997    clk_IBUF
    BUFGCTRL_X0Y16       BUFG (Prop_bufg_I_O)         0.101     4.098 r  clk_IBUF_BUFG_inst/O
                         net (fo=23389, routed)       1.649     5.747    u_session_manager/clk_IBUF_BUFG
    SLICE_X45Y59         FDCE                                         r  u_session_manager/FSM_sequential_jetson_state_reg[0]/C
  -------------------------------------------------------------------    -------------------
    SLICE_X45Y59         FDCE (Prop_fdce_C_Q)         0.419     6.166 r  u_session_manager/FSM_sequential_jetson_state_reg[0]/Q
                         net (fo=18, routed)          1.073     7.239    u_session_manager/jetson_state__0[0]
    SLICE_X44Y60         LUT4 (Prop_lut4_I1_O)        0.327     7.566 r  u_session_manager/packet_reg[361]_i_4/O
                         net (fo=1, routed)           0.662     8.228    u_session_manager/packet_reg[361]_i_4_n_0
    SLICE_X46Y60         LUT6 (Prop_lut6_I5_O)        0.326     8.554 r  u_session_manager/packet_reg[361]_i_2/O
                         net (fo=4, routed)           0.798     9.351    u_session_manager/session_tx_type[1]
    SLICE_X45Y62         LUT6 (Prop_lut6_I2_O)        0.124     9.475 f  u_session_manager/iv_reg[93]_i_5/O
                         net (fo=7, routed)           0.452     9.927    u_session_manager/iv_reg[93]_i_5_n_0
    SLICE_X43Y63         LUT2 (Prop_lut2_I0_O)        0.117    10.044 r  u_session_manager/iv_reg[93]_i_4/O
                         net (fo=201, routed)         0.815    10.860    u_session_manager/iv_reg[93]_i_4_0[65]
    SLICE_X41Y65         LUT5 (Prop_lut5_I1_O)        0.361    11.221 r  u_session_manager/iv_reg[93]_i_1__0/O
                         net (fo=195, routed)         1.193    12.413    u_jetson_encrypt/u_encrypt_ip/u_gcm_encrypt/u_ghash/FSM_onehot_state_reg[0]_1[0]
    SLICE_X42Y79         LUT6 (Prop_lut6_I5_O)        0.327    12.740 r  u_jetson_encrypt/u_encrypt_ip/u_gcm_encrypt/u_ghash/FSM_onehot_state[9]_i_1__1/O
                         net (fo=10, routed)          0.341    13.082    u_jetson_encrypt/u_encrypt_ip/u_gcm_encrypt/u_ghash_n_128
    SLICE_X42Y80         FDRE                                         r  u_jetson_encrypt/u_encrypt_ip/u_gcm_encrypt/FSM_onehot_state_reg[2]/CE
  -------------------------------------------------------------------    -------------------

                         (clock sys_clk_pin rise edge)
                                                      8.000     8.000 r  
    K17                                               0.000     8.000 r  clk (IN)
                         net (fo=0)                   0.000     8.000    clk
    K17                  IBUF (Prop_ibuf_I_O)         1.404     9.404 r  clk_IBUF_inst/O
                         net (fo=1, routed)           2.293    11.697    clk_IBUF
    BUFGCTRL_X0Y16       BUFG (Prop_bufg_I_O)         0.091    11.788 r  clk_IBUF_BUFG_inst/O
                         net (fo=23389, routed)       1.468    13.256    u_jetson_encrypt/u_encrypt_ip/u_gcm_encrypt/clk_IBUF_BUFG
    SLICE_X42Y80         FDRE                                         r  u_jetson_encrypt/u_encrypt_ip/u_gcm_encrypt/FSM_onehot_state_reg[2]/C
                         clock pessimism              0.424    13.680    
                         clock uncertainty           -0.035    13.644    
    SLICE_X42Y80         FDRE (Setup_fdre_C_CE)      -0.169    13.475    u_jetson_encrypt/u_encrypt_ip/u_gcm_encrypt/FSM_onehot_state_reg[2]
  -------------------------------------------------------------------
                         required time                         13.475    
                         arrival time                         -13.082    
  -------------------------------------------------------------------
                         slack                                  0.393    

Slack (MET) :             0.393ns  (required time - arrival time)
  Source:                 u_session_manager/FSM_sequential_jetson_state_reg[0]/C
                            (rising edge-triggered cell FDCE clocked by sys_clk_pin  {rise@0.000ns fall@4.000ns period=8.000ns})
  Destination:            u_jetson_encrypt/u_encrypt_ip/u_gcm_encrypt/FSM_onehot_state_reg[3]/CE
                            (rising edge-triggered cell FDRE clocked by sys_clk_pin  {rise@0.000ns fall@4.000ns period=8.000ns})
  Path Group:             sys_clk_pin
  Path Type:              Setup (Max at Slow Process Corner)
  Requirement:            8.000ns  (sys_clk_pin rise@8.000ns - sys_clk_pin rise@0.000ns)
  Data Path Delay:        7.335ns  (logic 2.001ns (27.280%)  route 5.334ns (72.720%))
  Logic Levels:           6  (LUT2=1 LUT4=1 LUT5=1 LUT6=3)
  Clock Path Skew:        -0.067ns (DCD - SCD + CPR)
    Destination Clock Delay (DCD):    5.256ns = ( 13.256 - 8.000 ) 
    Source Clock Delay      (SCD):    5.747ns
    Clock Pessimism Removal (CPR):    0.424ns
  Clock Uncertainty:      0.035ns  ((TSJ^2 + TIJ^2)^1/2 + DJ) / 2 + PE
    Total System Jitter     (TSJ):    0.071ns
    Total Input Jitter      (TIJ):    0.000ns
    Discrete Jitter          (DJ):    0.000ns
    Phase Error              (PE):    0.000ns

    Location             Delay type                Incr(ns)  Path(ns)    Netlist Resource(s)
  -------------------------------------------------------------------    -------------------
                         (clock sys_clk_pin rise edge)
                                                      0.000     0.000 r  
    K17                                               0.000     0.000 r  clk (IN)
                         net (fo=0)                   0.000     0.000    clk
    K17                  IBUF (Prop_ibuf_I_O)         1.475     1.475 r  clk_IBUF_inst/O
                         net (fo=1, routed)           2.522     3.997    clk_IBUF
    BUFGCTRL_X0Y16       BUFG (Prop_bufg_I_O)         0.101     4.098 r  clk_IBUF_BUFG_inst/O
                         net (fo=23389, routed)       1.649     5.747    u_session_manager/clk_IBUF_BUFG
    SLICE_X45Y59         FDCE                                         r  u_session_manager/FSM_sequential_jetson_state_reg[0]/C
  -------------------------------------------------------------------    -------------------
    SLICE_X45Y59         FDCE (Prop_fdce_C_Q)         0.419     6.166 r  u_session_manager/FSM_sequential_jetson_state_reg[0]/Q
                         net (fo=18, routed)          1.073     7.239    u_session_manager/jetson_state__0[0]
    SLICE_X44Y60         LUT4 (Prop_lut4_I1_O)        0.327     7.566 r  u_session_manager/packet_reg[361]_i_4/O
                         net (fo=1, routed)           0.662     8.228    u_session_manager/packet_reg[361]_i_4_n_0
    SLICE_X46Y60         LUT6 (Prop_lut6_I5_O)        0.326     8.554 r  u_session_manager/packet_reg[361]_i_2/O
                         net (fo=4, routed)           0.798     9.351    u_session_manager/session_tx_type[1]
    SLICE_X45Y62         LUT6 (Prop_lut6_I2_O)        0.124     9.475 f  u_session_manager/iv_reg[93]_i_5/O
                         net (fo=7, routed)           0.452     9.927    u_session_manager/iv_reg[93]_i_5_n_0
    SLICE_X43Y63         LUT2 (Prop_lut2_I0_O)        0.117    10.044 r  u_session_manager/iv_reg[93]_i_4/O
                         net (fo=201, routed)         0.815    10.860    u_session_manager/iv_reg[93]_i_4_0[65]
    SLICE_X41Y65         LUT5 (Prop_lut5_I1_O)        0.361    11.221 r  u_session_manager/iv_reg[93]_i_1__0/O
                         net (fo=195, routed)         1.193    12.413    u_jetson_encrypt/u_encrypt_ip/u_gcm_encrypt/u_ghash/FSM_onehot_state_reg[0]_1[0]
    SLICE_X42Y79         LUT6 (Prop_lut6_I5_O)        0.327    12.740 r  u_jetson_encrypt/u_encrypt_ip/u_gcm_encrypt/u_ghash/FSM_onehot_state[9]_i_1__1/O
                         net (fo=10, routed)          0.341    13.082    u_jetson_encrypt/u_encrypt_ip/u_gcm_encrypt/u_ghash_n_128
    SLICE_X42Y80         FDRE                                         r  u_jetson_encrypt/u_encrypt_ip/u_gcm_encrypt/FSM_onehot_state_reg[3]/CE
  -------------------------------------------------------------------    -------------------

                         (clock sys_clk_pin rise edge)
                                                      8.000     8.000 r  
    K17                                               0.000     8.000 r  clk (IN)
                         net (fo=0)                   0.000     8.000    clk
    K17                  IBUF (Prop_ibuf_I_O)         1.404     9.404 r  clk_IBUF_inst/O
                         net (fo=1, routed)           2.293    11.697    clk_IBUF
    BUFGCTRL_X0Y16       BUFG (Prop_bufg_I_O)         0.091    11.788 r  clk_IBUF_BUFG_inst/O
                         net (fo=23389, routed)       1.468    13.256    u_jetson_encrypt/u_encrypt_ip/u_gcm_encrypt/clk_IBUF_BUFG
    SLICE_X42Y80         FDRE                                         r  u_jetson_encrypt/u_encrypt_ip/u_gcm_encrypt/FSM_onehot_state_reg[3]/C
                         clock pessimism              0.424    13.680    
                         clock uncertainty           -0.035    13.644    
    SLICE_X42Y80         FDRE (Setup_fdre_C_CE)      -0.169    13.475    u_jetson_encrypt/u_encrypt_ip/u_gcm_encrypt/FSM_onehot_state_reg[3]
  -------------------------------------------------------------------
                         required time                         13.475    
                         arrival time                         -13.082    
  -------------------------------------------------------------------
                         slack                                  0.393    

Slack (MET) :             0.393ns  (required time - arrival time)
  Source:                 u_session_manager/FSM_sequential_jetson_state_reg[0]/C
                            (rising edge-triggered cell FDCE clocked by sys_clk_pin  {rise@0.000ns fall@4.000ns period=8.000ns})
  Destination:            u_jetson_encrypt/u_encrypt_ip/u_gcm_encrypt/FSM_onehot_state_reg[5]/CE
                            (rising edge-triggered cell FDRE clocked by sys_clk_pin  {rise@0.000ns fall@4.000ns period=8.000ns})
  Path Group:             sys_clk_pin
  Path Type:              Setup (Max at Slow Process Corner)
  Requirement:            8.000ns  (sys_clk_pin rise@8.000ns - sys_clk_pin rise@0.000ns)
  Data Path Delay:        7.335ns  (logic 2.001ns (27.280%)  route 5.334ns (72.720%))
  Logic Levels:           6  (LUT2=1 LUT4=1 LUT5=1 LUT6=3)
  Clock Path Skew:        -0.067ns (DCD - SCD + CPR)
    Destination Clock Delay (DCD):    5.256ns = ( 13.256 - 8.000 ) 
    Source Clock Delay      (SCD):    5.747ns
    Clock Pessimism Removal (CPR):    0.424ns
  Clock Uncertainty:      0.035ns  ((TSJ^2 + TIJ^2)^1/2 + DJ) / 2 + PE
    Total System Jitter     (TSJ):    0.071ns
    Total Input Jitter      (TIJ):    0.000ns
    Discrete Jitter          (DJ):    0.000ns
    Phase Error              (PE):    0.000ns

    Location             Delay type                Incr(ns)  Path(ns)    Netlist Resource(s)
  -------------------------------------------------------------------    -------------------
                         (clock sys_clk_pin rise edge)
                                                      0.000     0.000 r  
    K17                                               0.000     0.000 r  clk (IN)
                         net (fo=0)                   0.000     0.000    clk
    K17                  IBUF (Prop_ibuf_I_O)         1.475     1.475 r  clk_IBUF_inst/O
                         net (fo=1, routed)           2.522     3.997    clk_IBUF
    BUFGCTRL_X0Y16       BUFG (Prop_bufg_I_O)         0.101     4.098 r  clk_IBUF_BUFG_inst/O
                         net (fo=23389, routed)       1.649     5.747    u_session_manager/clk_IBUF_BUFG
    SLICE_X45Y59         FDCE                                         r  u_session_manager/FSM_sequential_jetson_state_reg[0]/C
  -------------------------------------------------------------------    -------------------
    SLICE_X45Y59         FDCE (Prop_fdce_C_Q)         0.419     6.166 r  u_session_manager/FSM_sequential_jetson_state_reg[0]/Q
                         net (fo=18, routed)          1.073     7.239    u_session_manager/jetson_state__0[0]
    SLICE_X44Y60         LUT4 (Prop_lut4_I1_O)        0.327     7.566 r  u_session_manager/packet_reg[361]_i_4/O
                         net (fo=1, routed)           0.662     8.228    u_session_manager/packet_reg[361]_i_4_n_0
    SLICE_X46Y60         LUT6 (Prop_lut6_I5_O)        0.326     8.554 r  u_session_manager/packet_reg[361]_i_2/O
                         net (fo=4, routed)           0.798     9.351    u_session_manager/session_tx_type[1]
    SLICE_X45Y62         LUT6 (Prop_lut6_I2_O)        0.124     9.475 f  u_session_manager/iv_reg[93]_i_5/O
                         net (fo=7, routed)           0.452     9.927    u_session_manager/iv_reg[93]_i_5_n_0
    SLICE_X43Y63         LUT2 (Prop_lut2_I0_O)        0.117    10.044 r  u_session_manager/iv_reg[93]_i_4/O
                         net (fo=201, routed)         0.815    10.860    u_session_manager/iv_reg[93]_i_4_0[65]
    SLICE_X41Y65         LUT5 (Prop_lut5_I1_O)        0.361    11.221 r  u_session_manager/iv_reg[93]_i_1__0/O
                         net (fo=195, routed)         1.193    12.413    u_jetson_encrypt/u_encrypt_ip/u_gcm_encrypt/u_ghash/FSM_onehot_state_reg[0]_1[0]
    SLICE_X42Y79         LUT6 (Prop_lut6_I5_O)        0.327    12.740 r  u_jetson_encrypt/u_encrypt_ip/u_gcm_encrypt/u_ghash/FSM_onehot_state[9]_i_1__1/O
                         net (fo=10, routed)          0.341    13.082    u_jetson_encrypt/u_encrypt_ip/u_gcm_encrypt/u_ghash_n_128
    SLICE_X42Y80         FDRE                                         r  u_jetson_encrypt/u_encrypt_ip/u_gcm_encrypt/FSM_onehot_state_reg[5]/CE
  -------------------------------------------------------------------    -------------------

                         (clock sys_clk_pin rise edge)
                                                      8.000     8.000 r  
    K17                                               0.000     8.000 r  clk (IN)
                         net (fo=0)                   0.000     8.000    clk
    K17                  IBUF (Prop_ibuf_I_O)         1.404     9.404 r  clk_IBUF_inst/O
                         net (fo=1, routed)           2.293    11.697    clk_IBUF
    BUFGCTRL_X0Y16       BUFG (Prop_bufg_I_O)         0.091    11.788 r  clk_IBUF_BUFG_inst/O
                         net (fo=23389, routed)       1.468    13.256    u_jetson_encrypt/u_encrypt_ip/u_gcm_encrypt/clk_IBUF_BUFG
    SLICE_X42Y80         FDRE                                         r  u_jetson_encrypt/u_encrypt_ip/u_gcm_encrypt/FSM_onehot_state_reg[5]/C
                         clock pessimism              0.424    13.680    
                         clock uncertainty           -0.035    13.644    
    SLICE_X42Y80         FDRE (Setup_fdre_C_CE)      -0.169    13.475    u_jetson_encrypt/u_encrypt_ip/u_gcm_encrypt/FSM_onehot_state_reg[5]
  -------------------------------------------------------------------
                         required time                         13.475    
                         arrival time                         -13.082    
  -------------------------------------------------------------------
                         slack                                  0.393    

Slack (MET) :             0.393ns  (required time - arrival time)
  Source:                 u_session_manager/FSM_sequential_jetson_state_reg[0]/C
                            (rising edge-triggered cell FDCE clocked by sys_clk_pin  {rise@0.000ns fall@4.000ns period=8.000ns})
  Destination:            u_jetson_encrypt/u_encrypt_ip/u_gcm_encrypt/FSM_onehot_state_reg[6]/CE
                            (rising edge-triggered cell FDRE clocked by sys_clk_pin  {rise@0.000ns fall@4.000ns period=8.000ns})
  Path Group:             sys_clk_pin
  Path Type:              Setup (Max at Slow Process Corner)
  Requirement:            8.000ns  (sys_clk_pin rise@8.000ns - sys_clk_pin rise@0.000ns)
  Data Path Delay:        7.335ns  (logic 2.001ns (27.280%)  route 5.334ns (72.720%))
  Logic Levels:           6  (LUT2=1 LUT4=1 LUT5=1 LUT6=3)
  Clock Path Skew:        -0.067ns (DCD - SCD + CPR)
    Destination Clock Delay (DCD):    5.256ns = ( 13.256 - 8.000 ) 
    Source Clock Delay      (SCD):    5.747ns
    Clock Pessimism Removal (CPR):    0.424ns
  Clock Uncertainty:      0.035ns  ((TSJ^2 + TIJ^2)^1/2 + DJ) / 2 + PE
    Total System Jitter     (TSJ):    0.071ns
    Total Input Jitter      (TIJ):    0.000ns
    Discrete Jitter          (DJ):    0.000ns
    Phase Error              (PE):    0.000ns

    Location             Delay type                Incr(ns)  Path(ns)    Netlist Resource(s)
  -------------------------------------------------------------------    -------------------
                         (clock sys_clk_pin rise edge)
                                                      0.000     0.000 r  
    K17                                               0.000     0.000 r  clk (IN)
                         net (fo=0)                   0.000     0.000    clk
    K17                  IBUF (Prop_ibuf_I_O)         1.475     1.475 r  clk_IBUF_inst/O
                         net (fo=1, routed)           2.522     3.997    clk_IBUF
    BUFGCTRL_X0Y16       BUFG (Prop_bufg_I_O)         0.101     4.098 r  clk_IBUF_BUFG_inst/O
                         net (fo=23389, routed)       1.649     5.747    u_session_manager/clk_IBUF_BUFG
    SLICE_X45Y59         FDCE                                         r  u_session_manager/FSM_sequential_jetson_state_reg[0]/C
  -------------------------------------------------------------------    -------------------
    SLICE_X45Y59         FDCE (Prop_fdce_C_Q)         0.419     6.166 r  u_session_manager/FSM_sequential_jetson_state_reg[0]/Q
                         net (fo=18, routed)          1.073     7.239    u_session_manager/jetson_state__0[0]
    SLICE_X44Y60         LUT4 (Prop_lut4_I1_O)        0.327     7.566 r  u_session_manager/packet_reg[361]_i_4/O
                         net (fo=1, routed)           0.662     8.228    u_session_manager/packet_reg[361]_i_4_n_0
    SLICE_X46Y60         LUT6 (Prop_lut6_I5_O)        0.326     8.554 r  u_session_manager/packet_reg[361]_i_2/O
                         net (fo=4, routed)           0.798     9.351    u_session_manager/session_tx_type[1]
    SLICE_X45Y62         LUT6 (Prop_lut6_I2_O)        0.124     9.475 f  u_session_manager/iv_reg[93]_i_5/O
                         net (fo=7, routed)           0.452     9.927    u_session_manager/iv_reg[93]_i_5_n_0
    SLICE_X43Y63         LUT2 (Prop_lut2_I0_O)        0.117    10.044 r  u_session_manager/iv_reg[93]_i_4/O
                         net (fo=201, routed)         0.815    10.860    u_session_manager/iv_reg[93]_i_4_0[65]
    SLICE_X41Y65         LUT5 (Prop_lut5_I1_O)        0.361    11.221 r  u_session_manager/iv_reg[93]_i_1__0/O
                         net (fo=195, routed)         1.193    12.413    u_jetson_encrypt/u_encrypt_ip/u_gcm_encrypt/u_ghash/FSM_onehot_state_reg[0]_1[0]
    SLICE_X42Y79         LUT6 (Prop_lut6_I5_O)        0.327    12.740 r  u_jetson_encrypt/u_encrypt_ip/u_gcm_encrypt/u_ghash/FSM_onehot_state[9]_i_1__1/O
                         net (fo=10, routed)          0.341    13.082    u_jetson_encrypt/u_encrypt_ip/u_gcm_encrypt/u_ghash_n_128
    SLICE_X42Y80         FDRE                                         r  u_jetson_encrypt/u_encrypt_ip/u_gcm_encrypt/FSM_onehot_state_reg[6]/CE
  -------------------------------------------------------------------    -------------------

                         (clock sys_clk_pin rise edge)
                                                      8.000     8.000 r  
    K17                                               0.000     8.000 r  clk (IN)
                         net (fo=0)                   0.000     8.000    clk
    K17                  IBUF (Prop_ibuf_I_O)         1.404     9.404 r  clk_IBUF_inst/O
                         net (fo=1, routed)           2.293    11.697    clk_IBUF
    BUFGCTRL_X0Y16       BUFG (Prop_bufg_I_O)         0.091    11.788 r  clk_IBUF_BUFG_inst/O
                         net (fo=23389, routed)       1.468    13.256    u_jetson_encrypt/u_encrypt_ip/u_gcm_encrypt/clk_IBUF_BUFG
    SLICE_X42Y80         FDRE                                         r  u_jetson_encrypt/u_encrypt_ip/u_gcm_encrypt/FSM_onehot_state_reg[6]/C
                         clock pessimism              0.424    13.680    
                         clock uncertainty           -0.035    13.644    
    SLICE_X42Y80         FDRE (Setup_fdre_C_CE)      -0.169    13.475    u_jetson_encrypt/u_encrypt_ip/u_gcm_encrypt/FSM_onehot_state_reg[6]
  -------------------------------------------------------------------
                         required time                         13.475    
                         arrival time                         -13.082    
  -------------------------------------------------------------------
                         slack                                  0.393    

Slack (MET) :             0.415ns  (required time - arrival time)
  Source:                 u_pc_uart_rx/rx_data_reg[5]/C
                            (rising edge-triggered cell FDCE clocked by sys_clk_pin  {rise@0.000ns fall@4.000ns period=8.000ns})
  Destination:            u_pc_frame_rx/packet_reg[157]/D
                            (rising edge-triggered cell FDCE clocked by sys_clk_pin  {rise@0.000ns fall@4.000ns period=8.000ns})
  Path Group:             sys_clk_pin
  Path Type:              Setup (Max at Slow Process Corner)
  Requirement:            8.000ns  (sys_clk_pin rise@8.000ns - sys_clk_pin rise@0.000ns)
  Data Path Delay:        7.123ns  (logic 0.518ns (7.272%)  route 6.605ns (92.728%))
  Logic Levels:           0  
  Clock Path Skew:        -0.365ns (DCD - SCD + CPR)
    Destination Clock Delay (DCD):    5.272ns = ( 13.272 - 8.000 ) 
    Source Clock Delay      (SCD):    5.946ns
    Clock Pessimism Removal (CPR):    0.309ns
  Clock Uncertainty:      0.035ns  ((TSJ^2 + TIJ^2)^1/2 + DJ) / 2 + PE
    Total System Jitter     (TSJ):    0.071ns
    Total Input Jitter      (TIJ):    0.000ns
    Discrete Jitter          (DJ):    0.000ns
    Phase Error              (PE):    0.000ns

    Location             Delay type                Incr(ns)  Path(ns)    Netlist Resource(s)
  -------------------------------------------------------------------    -------------------
                         (clock sys_clk_pin rise edge)
                                                      0.000     0.000 r  
    K17                                               0.000     0.000 r  clk (IN)
                         net (fo=0)                   0.000     0.000    clk
    K17                  IBUF (Prop_ibuf_I_O)         1.475     1.475 r  clk_IBUF_inst/O
                         net (fo=1, routed)           2.522     3.997    clk_IBUF
    BUFGCTRL_X0Y16       BUFG (Prop_bufg_I_O)         0.101     4.098 r  clk_IBUF_BUFG_inst/O
                         net (fo=23389, routed)       1.848     5.946    u_pc_uart_rx/clk_IBUF_BUFG
    SLICE_X112Y77        FDCE                                         r  u_pc_uart_rx/rx_data_reg[5]/C
  -------------------------------------------------------------------    -------------------
    SLICE_X112Y77        FDCE (Prop_fdce_C_Q)         0.518     6.464 r  u_pc_uart_rx/rx_data_reg[5]/Q
                         net (fo=50, routed)          6.605    13.069    u_pc_frame_rx/packet_reg[367]_1[5]
    SLICE_X52Y48         FDCE                                         r  u_pc_frame_rx/packet_reg[157]/D
  -------------------------------------------------------------------    -------------------

                         (clock sys_clk_pin rise edge)
                                                      8.000     8.000 r  
    K17                                               0.000     8.000 r  clk (IN)
                         net (fo=0)                   0.000     8.000    clk
    K17                  IBUF (Prop_ibuf_I_O)         1.404     9.404 r  clk_IBUF_inst/O
                         net (fo=1, routed)           2.293    11.697    clk_IBUF
    BUFGCTRL_X0Y16       BUFG (Prop_bufg_I_O)         0.091    11.788 r  clk_IBUF_BUFG_inst/O
                         net (fo=23389, routed)       1.483    13.272    u_pc_frame_rx/clk_IBUF_BUFG
    SLICE_X52Y48         FDCE                                         r  u_pc_frame_rx/packet_reg[157]/C
                         clock pessimism              0.309    13.581    
                         clock uncertainty           -0.035    13.546    
    SLICE_X52Y48         FDCE (Setup_fdce_C_D)       -0.062    13.484    u_pc_frame_rx/packet_reg[157]
  -------------------------------------------------------------------
                         required time                         13.484    
                         arrival time                         -13.069    
  -------------------------------------------------------------------
                         slack                                  0.415    

Slack (MET) :             0.418ns  (required time - arrival time)
  Source:                 u_jetson_decrypt/u_decrypt_ip/u_key_schedule/sbox_return0__17/C
                            (rising edge-triggered cell FDRE clocked by sys_clk_pin  {rise@0.000ns fall@4.000ns period=8.000ns})
  Destination:            u_jetson_decrypt/u_decrypt_ip/u_key_schedule/round_keys_reg[445]/D
                            (rising edge-triggered cell FDRE clocked by sys_clk_pin  {rise@0.000ns fall@4.000ns period=8.000ns})
  Path Group:             sys_clk_pin
  Path Type:              Setup (Max at Slow Process Corner)
  Requirement:            8.000ns  (sys_clk_pin rise@8.000ns - sys_clk_pin rise@0.000ns)
  Data Path Delay:        7.309ns  (logic 1.682ns (23.012%)  route 5.627ns (76.988%))
  Logic Levels:           6  (LUT3=1 LUT5=1 LUT6=2 MUXF7=1 MUXF8=1)
  Clock Path Skew:        -0.180ns (DCD - SCD + CPR)
    Destination Clock Delay (DCD):    5.340ns = ( 13.340 - 8.000 ) 
    Source Clock Delay      (SCD):    5.843ns
    Clock Pessimism Removal (CPR):    0.323ns
  Clock Uncertainty:      0.035ns  ((TSJ^2 + TIJ^2)^1/2 + DJ) / 2 + PE
    Total System Jitter     (TSJ):    0.071ns
    Total Input Jitter      (TIJ):    0.000ns
    Discrete Jitter          (DJ):    0.000ns
    Phase Error              (PE):    0.000ns

    Location             Delay type                Incr(ns)  Path(ns)    Netlist Resource(s)
  -------------------------------------------------------------------    -------------------
                         (clock sys_clk_pin rise edge)
                                                      0.000     0.000 r  
    K17                                               0.000     0.000 r  clk (IN)
                         net (fo=0)                   0.000     0.000    clk
    K17                  IBUF (Prop_ibuf_I_O)         1.475     1.475 r  clk_IBUF_inst/O
                         net (fo=1, routed)           2.522     3.997    clk_IBUF
    BUFGCTRL_X0Y16       BUFG (Prop_bufg_I_O)         0.101     4.098 r  clk_IBUF_BUFG_inst/O
                         net (fo=23389, routed)       1.745     5.843    u_jetson_decrypt/u_decrypt_ip/u_key_schedule/clk_IBUF_BUFG
    SLICE_X29Y39         FDRE                                         r  u_jetson_decrypt/u_decrypt_ip/u_key_schedule/sbox_return0__17/C
  -------------------------------------------------------------------    -------------------
    SLICE_X29Y39         FDRE (Prop_fdre_C_Q)         0.456     6.299 r  u_jetson_decrypt/u_decrypt_ip/u_key_schedule/sbox_return0__17/Q
                         net (fo=38, routed)          1.577     7.876    u_jetson_decrypt/u_decrypt_ip/u_key_schedule/sbox_return0__17_n_0
    SLICE_X38Y41         LUT6 (Prop_lut6_I5_O)        0.124     8.000 r  u_jetson_decrypt/u_decrypt_ip/u_key_schedule/i___226_i_6/O
                         net (fo=1, routed)           0.000     8.000    u_jetson_decrypt/u_decrypt_ip/u_key_schedule/i___226_i_6_n_0
    SLICE_X38Y41         MUXF7 (Prop_muxf7_I0_O)      0.241     8.241 r  u_jetson_decrypt/u_decrypt_ip/u_key_schedule/i___226_i_4/O
                         net (fo=1, routed)           0.000     8.241    u_jetson_decrypt/u_decrypt_ip/u_key_schedule/i___226_i_4_n_0
    SLICE_X38Y41         MUXF8 (Prop_muxf8_I0_O)      0.098     8.339 r  u_jetson_decrypt/u_decrypt_ip/u_key_schedule/i___226_i_3/O
                         net (fo=1, routed)           0.450     8.789    u_jetson_decrypt/u_decrypt_ip/u_key_schedule/i___226_i_3_n_0
    SLICE_X38Y40         LUT6 (Prop_lut6_I0_O)        0.319     9.108 r  u_jetson_decrypt/u_decrypt_ip/u_key_schedule/i___226_i_2/O
                         net (fo=18, routed)          1.283    10.392    u_jetson_decrypt/u_decrypt_ip/u_key_schedule/next_round_key_return[125]
    SLICE_X27Y33         LUT3 (Prop_lut3_I1_O)        0.118    10.510 r  u_jetson_decrypt/u_decrypt_ip/u_key_schedule/i___445_i_1/O
                         net (fo=7, routed)           1.600    12.109    u_jetson_decrypt/u_decrypt_ip/u_key_schedule/next_round_key_return[61]
    SLICE_X50Y9          LUT5 (Prop_lut5_I2_O)        0.326    12.435 r  u_jetson_decrypt/u_decrypt_ip/u_key_schedule/i___691/O
                         net (fo=2, routed)           0.716    13.152    u_jetson_decrypt/u_decrypt_ip/u_key_schedule/i___691_n_0
    SLICE_X55Y9          FDRE                                         r  u_jetson_decrypt/u_decrypt_ip/u_key_schedule/round_keys_reg[445]/D
  -------------------------------------------------------------------    -------------------

                         (clock sys_clk_pin rise edge)
                                                      8.000     8.000 r  
    K17                                               0.000     8.000 r  clk (IN)
                         net (fo=0)                   0.000     8.000    clk
    K17                  IBUF (Prop_ibuf_I_O)         1.404     9.404 r  clk_IBUF_inst/O
                         net (fo=1, routed)           2.293    11.697    clk_IBUF
    BUFGCTRL_X0Y16       BUFG (Prop_bufg_I_O)         0.091    11.788 r  clk_IBUF_BUFG_inst/O
                         net (fo=23389, routed)       1.551    13.340    u_jetson_decrypt/u_decrypt_ip/u_key_schedule/clk_IBUF_BUFG
    SLICE_X55Y9          FDRE                                         r  u_jetson_decrypt/u_decrypt_ip/u_key_schedule/round_keys_reg[445]/C
                         clock pessimism              0.323    13.663    
                         clock uncertainty           -0.035    13.628    
    SLICE_X55Y9          FDRE (Setup_fdre_C_D)       -0.058    13.570    u_jetson_decrypt/u_decrypt_ip/u_key_schedule/round_keys_reg[445]
  -------------------------------------------------------------------
                         required time                         13.570    
                         arrival time                         -13.152    
  -------------------------------------------------------------------
                         slack                                  0.418    

Slack (MET) :             0.424ns  (required time - arrival time)
  Source:                 u_pc_uart_rx/rx_data_reg[5]/C
                            (rising edge-triggered cell FDCE clocked by sys_clk_pin  {rise@0.000ns fall@4.000ns period=8.000ns})
  Destination:            u_pc_frame_rx/packet_reg[173]/D
                            (rising edge-triggered cell FDCE clocked by sys_clk_pin  {rise@0.000ns fall@4.000ns period=8.000ns})
  Path Group:             sys_clk_pin
  Path Type:              Setup (Max at Slow Process Corner)
  Requirement:            8.000ns  (sys_clk_pin rise@8.000ns - sys_clk_pin rise@0.000ns)
  Data Path Delay:        7.114ns  (logic 0.518ns (7.281%)  route 6.596ns (92.719%))
  Logic Levels:           0  
  Clock Path Skew:        -0.365ns (DCD - SCD + CPR)
    Destination Clock Delay (DCD):    5.272ns = ( 13.272 - 8.000 ) 
    Source Clock Delay      (SCD):    5.946ns
    Clock Pessimism Removal (CPR):    0.309ns
  Clock Uncertainty:      0.035ns  ((TSJ^2 + TIJ^2)^1/2 + DJ) / 2 + PE
    Total System Jitter     (TSJ):    0.071ns
    Total Input Jitter      (TIJ):    0.000ns
    Discrete Jitter          (DJ):    0.000ns
    Phase Error              (PE):    0.000ns

    Location             Delay type                Incr(ns)  Path(ns)    Netlist Resource(s)
  -------------------------------------------------------------------    -------------------
                         (clock sys_clk_pin rise edge)
                                                      0.000     0.000 r  
    K17                                               0.000     0.000 r  clk (IN)
                         net (fo=0)                   0.000     0.000    clk
    K17                  IBUF (Prop_ibuf_I_O)         1.475     1.475 r  clk_IBUF_inst/O
                         net (fo=1, routed)           2.522     3.997    clk_IBUF
    BUFGCTRL_X0Y16       BUFG (Prop_bufg_I_O)         0.101     4.098 r  clk_IBUF_BUFG_inst/O
                         net (fo=23389, routed)       1.848     5.946    u_pc_uart_rx/clk_IBUF_BUFG
    SLICE_X112Y77        FDCE                                         r  u_pc_uart_rx/rx_data_reg[5]/C
  -------------------------------------------------------------------    -------------------
    SLICE_X112Y77        FDCE (Prop_fdce_C_Q)         0.518     6.464 r  u_pc_uart_rx/rx_data_reg[5]/Q
                         net (fo=50, routed)          6.596    13.060    u_pc_frame_rx/packet_reg[367]_1[5]
    SLICE_X53Y48         FDCE                                         r  u_pc_frame_rx/packet_reg[173]/D
  -------------------------------------------------------------------    -------------------

                         (clock sys_clk_pin rise edge)
                                                      8.000     8.000 r  
    K17                                               0.000     8.000 r  clk (IN)
                         net (fo=0)                   0.000     8.000    clk
    K17                  IBUF (Prop_ibuf_I_O)         1.404     9.404 r  clk_IBUF_inst/O
                         net (fo=1, routed)           2.293    11.697    clk_IBUF
    BUFGCTRL_X0Y16       BUFG (Prop_bufg_I_O)         0.091    11.788 r  clk_IBUF_BUFG_inst/O
                         net (fo=23389, routed)       1.483    13.272    u_pc_frame_rx/clk_IBUF_BUFG
    SLICE_X53Y48         FDCE                                         r  u_pc_frame_rx/packet_reg[173]/C
                         clock pessimism              0.309    13.581    
                         clock uncertainty           -0.035    13.546    
    SLICE_X53Y48         FDCE (Setup_fdce_C_D)       -0.062    13.484    u_pc_frame_rx/packet_reg[173]
  -------------------------------------------------------------------
                         required time                         13.484    
                         arrival time                         -13.060    
  -------------------------------------------------------------------
                         slack                                  0.424    

Slack (MET) :             0.448ns  (required time - arrival time)
  Source:                 u_pc_uart_rx/rx_data_reg[4]/C
                            (rising edge-triggered cell FDCE clocked by sys_clk_pin  {rise@0.000ns fall@4.000ns period=8.000ns})
  Destination:            u_pc_frame_rx/packet_reg[188]/D
                            (rising edge-triggered cell FDCE clocked by sys_clk_pin  {rise@0.000ns fall@4.000ns period=8.000ns})
  Path Group:             sys_clk_pin
  Path Type:              Setup (Max at Slow Process Corner)
  Requirement:            8.000ns  (sys_clk_pin rise@8.000ns - sys_clk_pin rise@0.000ns)
  Data Path Delay:        6.905ns  (logic 0.456ns (6.604%)  route 6.449ns (93.396%))
  Logic Levels:           0  
  Clock Path Skew:        -0.565ns (DCD - SCD + CPR)
    Destination Clock Delay (DCD):    5.255ns = ( 13.255 - 8.000 ) 
    Source Clock Delay      (SCD):    6.144ns
    Clock Pessimism Removal (CPR):    0.323ns
  Clock Uncertainty:      0.035ns  ((TSJ^2 + TIJ^2)^1/2 + DJ) / 2 + PE
    Total System Jitter     (TSJ):    0.071ns
    Total Input Jitter      (TIJ):    0.000ns
    Discrete Jitter          (DJ):    0.000ns
    Phase Error              (PE):    0.000ns

    Location             Delay type                Incr(ns)  Path(ns)    Netlist Resource(s)
  -------------------------------------------------------------------    -------------------
                         (clock sys_clk_pin rise edge)
                                                      0.000     0.000 r  
    K17                                               0.000     0.000 r  clk (IN)
                         net (fo=0)                   0.000     0.000    clk
    K17                  IBUF (Prop_ibuf_I_O)         1.475     1.475 r  clk_IBUF_inst/O
                         net (fo=1, routed)           2.522     3.997    clk_IBUF
    BUFGCTRL_X0Y16       BUFG (Prop_bufg_I_O)         0.101     4.098 r  clk_IBUF_BUFG_inst/O
                         net (fo=23389, routed)       2.046     6.144    u_pc_uart_rx/clk_IBUF_BUFG
    SLICE_X111Y118       FDCE                                         r  u_pc_uart_rx/rx_data_reg[4]/C
  -------------------------------------------------------------------    -------------------
    SLICE_X111Y118       FDCE (Prop_fdce_C_Q)         0.456     6.600 r  u_pc_uart_rx/rx_data_reg[4]/Q
                         net (fo=50, routed)          6.449    13.049    u_pc_frame_rx/packet_reg[367]_1[4]
    SLICE_X51Y51         FDCE                                         r  u_pc_frame_rx/packet_reg[188]/D
  -------------------------------------------------------------------    -------------------

                         (clock sys_clk_pin rise edge)
                                                      8.000     8.000 r  
    K17                                               0.000     8.000 r  clk (IN)
                         net (fo=0)                   0.000     8.000    clk
    K17                  IBUF (Prop_ibuf_I_O)         1.404     9.404 r  clk_IBUF_inst/O
                         net (fo=1, routed)           2.293    11.697    clk_IBUF
    BUFGCTRL_X0Y16       BUFG (Prop_bufg_I_O)         0.091    11.788 r  clk_IBUF_BUFG_inst/O
                         net (fo=23389, routed)       1.467    13.255    u_pc_frame_rx/clk_IBUF_BUFG
    SLICE_X51Y51         FDCE                                         r  u_pc_frame_rx/packet_reg[188]/C
                         clock pessimism              0.323    13.579    
                         clock uncertainty           -0.035    13.543    
    SLICE_X51Y51         FDCE (Setup_fdce_C_D)       -0.047    13.496    u_pc_frame_rx/packet_reg[188]
  -------------------------------------------------------------------
                         required time                         13.496    
                         arrival time                         -13.049    
  -------------------------------------------------------------------
                         slack                                  0.448    





Min Delay Paths
--------------------------------------------------------------------------------------
Slack (MET) :             0.014ns  (arrival time - required time)
  Source:                 u_spi_master_basys3/rx_data_reg[141]/C
                            (rising edge-triggered cell FDCE clocked by sys_clk_pin  {rise@0.000ns fall@4.000ns period=8.000ns})
  Destination:            basys_hold_packet_reg[141]/D
                            (rising edge-triggered cell FDCE clocked by sys_clk_pin  {rise@0.000ns fall@4.000ns period=8.000ns})
  Path Group:             sys_clk_pin
  Path Type:              Hold (Min at Fast Process Corner)
  Requirement:            0.000ns  (sys_clk_pin rise@0.000ns - sys_clk_pin rise@0.000ns)
  Data Path Delay:        0.283ns  (logic 0.128ns (45.159%)  route 0.155ns (54.841%))
  Logic Levels:           0  
  Clock Path Skew:        0.259ns (DCD - SCD - CPR)
    Destination Clock Delay (DCD):    2.192ns
    Source Clock Delay      (SCD):    1.671ns
    Clock Pessimism Removal (CPR):    0.261ns

    Location             Delay type                Incr(ns)  Path(ns)    Netlist Resource(s)
  -------------------------------------------------------------------    -------------------
                         (clock sys_clk_pin rise edge)
                                                      0.000     0.000 r  
    K17                                               0.000     0.000 r  clk (IN)
                         net (fo=0)                   0.000     0.000    clk
    K17                  IBUF (Prop_ibuf_I_O)         0.243     0.243 r  clk_IBUF_inst/O
                         net (fo=1, routed)           0.842     1.084    clk_IBUF
    BUFGCTRL_X0Y16       BUFG (Prop_bufg_I_O)         0.026     1.110 r  clk_IBUF_BUFG_inst/O
                         net (fo=23389, routed)       0.561     1.671    u_spi_master_basys3/clk_IBUF_BUFG
    SLICE_X49Y43         FDCE                                         r  u_spi_master_basys3/rx_data_reg[141]/C
  -------------------------------------------------------------------    -------------------
    SLICE_X49Y43         FDCE (Prop_fdce_C_Q)         0.128     1.799 r  u_spi_master_basys3/rx_data_reg[141]/Q
                         net (fo=1, routed)           0.155     1.954    basys_spi_rx_packet[141]
    SLICE_X50Y43         FDCE                                         r  basys_hold_packet_reg[141]/D
  -------------------------------------------------------------------    -------------------

                         (clock sys_clk_pin rise edge)
                                                      0.000     0.000 r  
    K17                                               0.000     0.000 r  clk (IN)
                         net (fo=0)                   0.000     0.000    clk
    K17                  IBUF (Prop_ibuf_I_O)         0.431     0.431 r  clk_IBUF_inst/O
                         net (fo=1, routed)           0.907     1.338    clk_IBUF
    BUFGCTRL_X0Y16       BUFG (Prop_bufg_I_O)         0.029     1.367 r  clk_IBUF_BUFG_inst/O
                         net (fo=23389, routed)       0.825     2.192    clk_IBUF_BUFG
    SLICE_X50Y43         FDCE                                         r  basys_hold_packet_reg[141]/C
                         clock pessimism             -0.261     1.930    
    SLICE_X50Y43         FDCE (Hold_fdce_C_D)         0.010     1.940    basys_hold_packet_reg[141]
  -------------------------------------------------------------------
                         required time                         -1.940    
                         arrival time                           1.954    
  -------------------------------------------------------------------
                         slack                                  0.014    

Slack (MET) :             0.019ns  (arrival time - required time)
  Source:                 u_spi_master_basys3/rx_data_reg[144]/C
                            (rising edge-triggered cell FDCE clocked by sys_clk_pin  {rise@0.000ns fall@4.000ns period=8.000ns})
  Destination:            basys_hold_packet_reg[144]/D
                            (rising edge-triggered cell FDCE clocked by sys_clk_pin  {rise@0.000ns fall@4.000ns period=8.000ns})
  Path Group:             sys_clk_pin
  Path Type:              Hold (Min at Fast Process Corner)
  Requirement:            0.000ns  (sys_clk_pin rise@0.000ns - sys_clk_pin rise@0.000ns)
  Data Path Delay:        0.289ns  (logic 0.128ns (44.365%)  route 0.161ns (55.635%))
  Logic Levels:           0  
  Clock Path Skew:        0.259ns (DCD - SCD - CPR)
    Destination Clock Delay (DCD):    2.192ns
    Source Clock Delay      (SCD):    1.671ns
    Clock Pessimism Removal (CPR):    0.261ns

    Location             Delay type                Incr(ns)  Path(ns)    Netlist Resource(s)
  -------------------------------------------------------------------    -------------------
                         (clock sys_clk_pin rise edge)
                                                      0.000     0.000 r  
    K17                                               0.000     0.000 r  clk (IN)
                         net (fo=0)                   0.000     0.000    clk
    K17                  IBUF (Prop_ibuf_I_O)         0.243     0.243 r  clk_IBUF_inst/O
                         net (fo=1, routed)           0.842     1.084    clk_IBUF
    BUFGCTRL_X0Y16       BUFG (Prop_bufg_I_O)         0.026     1.110 r  clk_IBUF_BUFG_inst/O
                         net (fo=23389, routed)       0.561     1.671    u_spi_master_basys3/clk_IBUF_BUFG
    SLICE_X49Y43         FDCE                                         r  u_spi_master_basys3/rx_data_reg[144]/C
  -------------------------------------------------------------------    -------------------
    SLICE_X49Y43         FDCE (Prop_fdce_C_Q)         0.128     1.799 r  u_spi_master_basys3/rx_data_reg[144]/Q
                         net (fo=1, routed)           0.161     1.960    basys_spi_rx_packet[144]
    SLICE_X50Y43         FDCE                                         r  basys_hold_packet_reg[144]/D
  -------------------------------------------------------------------    -------------------

                         (clock sys_clk_pin rise edge)
                                                      0.000     0.000 r  
    K17                                               0.000     0.000 r  clk (IN)
                         net (fo=0)                   0.000     0.000    clk
    K17                  IBUF (Prop_ibuf_I_O)         0.431     0.431 r  clk_IBUF_inst/O
                         net (fo=1, routed)           0.907     1.338    clk_IBUF
    BUFGCTRL_X0Y16       BUFG (Prop_bufg_I_O)         0.029     1.367 r  clk_IBUF_BUFG_inst/O
                         net (fo=23389, routed)       0.825     2.192    clk_IBUF_BUFG
    SLICE_X50Y43         FDCE                                         r  basys_hold_packet_reg[144]/C
                         clock pessimism             -0.261     1.930    
    SLICE_X50Y43         FDCE (Hold_fdce_C_D)         0.010     1.940    basys_hold_packet_reg[144]
  -------------------------------------------------------------------
                         required time                         -1.940    
                         arrival time                           1.960    
  -------------------------------------------------------------------
                         slack                                  0.019    

Slack (MET) :             0.023ns  (arrival time - required time)
  Source:                 jetson_hold_packet_reg[208]/C
                            (rising edge-triggered cell FDCE clocked by sys_clk_pin  {rise@0.000ns fall@4.000ns period=8.000ns})
  Destination:            u_jetson_decrypt/u_decrypt_ip/u_gcm_decrypt/ciphertext_reg_reg[80]/D
                            (rising edge-triggered cell FDRE clocked by sys_clk_pin  {rise@0.000ns fall@4.000ns period=8.000ns})
  Path Group:             sys_clk_pin
  Path Type:              Hold (Min at Fast Process Corner)
  Requirement:            0.000ns  (sys_clk_pin rise@0.000ns - sys_clk_pin rise@0.000ns)
  Data Path Delay:        0.295ns  (logic 0.128ns (43.376%)  route 0.167ns (56.624%))
  Logic Levels:           0  
  Clock Path Skew:        0.272ns (DCD - SCD - CPR)
    Destination Clock Delay (DCD):    2.198ns
    Source Clock Delay      (SCD):    1.669ns
    Clock Pessimism Removal (CPR):    0.256ns

    Location             Delay type                Incr(ns)  Path(ns)    Netlist Resource(s)
  -------------------------------------------------------------------    -------------------
                         (clock sys_clk_pin rise edge)
                                                      0.000     0.000 r  
    K17                                               0.000     0.000 r  clk (IN)
                         net (fo=0)                   0.000     0.000    clk
    K17                  IBUF (Prop_ibuf_I_O)         0.243     0.243 r  clk_IBUF_inst/O
                         net (fo=1, routed)           0.842     1.084    clk_IBUF
    BUFGCTRL_X0Y16       BUFG (Prop_bufg_I_O)         0.026     1.110 r  clk_IBUF_BUFG_inst/O
                         net (fo=23389, routed)       0.559     1.669    clk_IBUF_BUFG
    SLICE_X33Y50         FDCE                                         r  jetson_hold_packet_reg[208]/C
  -------------------------------------------------------------------    -------------------
    SLICE_X33Y50         FDCE (Prop_fdce_C_Q)         0.128     1.797 r  jetson_hold_packet_reg[208]/Q
                         net (fo=2, routed)           0.167     1.964    u_jetson_decrypt/u_decrypt_ip/u_gcm_decrypt/Q[208]
    SLICE_X32Y49         FDRE                                         r  u_jetson_decrypt/u_decrypt_ip/u_gcm_decrypt/ciphertext_reg_reg[80]/D
  -------------------------------------------------------------------    -------------------

                         (clock sys_clk_pin rise edge)
                                                      0.000     0.000 r  
    K17                                               0.000     0.000 r  clk (IN)
                         net (fo=0)                   0.000     0.000    clk
    K17                  IBUF (Prop_ibuf_I_O)         0.431     0.431 r  clk_IBUF_inst/O
                         net (fo=1, routed)           0.907     1.338    clk_IBUF
    BUFGCTRL_X0Y16       BUFG (Prop_bufg_I_O)         0.029     1.367 r  clk_IBUF_BUFG_inst/O
                         net (fo=23389, routed)       0.831     2.198    u_jetson_decrypt/u_decrypt_ip/u_gcm_decrypt/clk_IBUF_BUFG
    SLICE_X32Y49         FDRE                                         r  u_jetson_decrypt/u_decrypt_ip/u_gcm_decrypt/ciphertext_reg_reg[80]/C
                         clock pessimism             -0.256     1.941    
    SLICE_X32Y49         FDRE (Hold_fdre_C_D)         0.000     1.941    u_jetson_decrypt/u_decrypt_ip/u_gcm_decrypt/ciphertext_reg_reg[80]
  -------------------------------------------------------------------
                         required time                         -1.941    
                         arrival time                           1.964    
  -------------------------------------------------------------------
                         slack                                  0.023    

Slack (MET) :             0.025ns  (arrival time - required time)
  Source:                 u_spi_slave_jetson/rx_data_reg[208]/C
                            (rising edge-triggered cell FDCE clocked by sys_clk_pin  {rise@0.000ns fall@4.000ns period=8.000ns})
  Destination:            jetson_hold_packet_reg[208]/D
                            (rising edge-triggered cell FDCE clocked by sys_clk_pin  {rise@0.000ns fall@4.000ns period=8.000ns})
  Path Group:             sys_clk_pin
  Path Type:              Hold (Min at Fast Process Corner)
  Requirement:            0.000ns  (sys_clk_pin rise@0.000ns - sys_clk_pin rise@0.000ns)
  Data Path Delay:        0.309ns  (logic 0.128ns (41.405%)  route 0.181ns (58.595%))
  Logic Levels:           0  
  Clock Path Skew:        0.261ns (DCD - SCD - CPR)
    Destination Clock Delay (DCD):    2.193ns
    Source Clock Delay      (SCD):    1.675ns
    Clock Pessimism Removal (CPR):    0.256ns

    Location             Delay type                Incr(ns)  Path(ns)    Netlist Resource(s)
  -------------------------------------------------------------------    -------------------
                         (clock sys_clk_pin rise edge)
                                                      0.000     0.000 r  
    K17                                               0.000     0.000 r  clk (IN)
                         net (fo=0)                   0.000     0.000    clk
    K17                  IBUF (Prop_ibuf_I_O)         0.243     0.243 r  clk_IBUF_inst/O
                         net (fo=1, routed)           0.842     1.084    clk_IBUF
    BUFGCTRL_X0Y16       BUFG (Prop_bufg_I_O)         0.026     1.110 r  clk_IBUF_BUFG_inst/O
                         net (fo=23389, routed)       0.565     1.675    u_spi_slave_jetson/clk_IBUF_BUFG
    SLICE_X33Y49         FDCE                                         r  u_spi_slave_jetson/rx_data_reg[208]/C
  -------------------------------------------------------------------    -------------------
    SLICE_X33Y49         FDCE (Prop_fdce_C_Q)         0.128     1.803 r  u_spi_slave_jetson/rx_data_reg[208]/Q
                         net (fo=1, routed)           0.181     1.984    jetson_spi_rx_packet[208]
    SLICE_X33Y50         FDCE                                         r  jetson_hold_packet_reg[208]/D
  -------------------------------------------------------------------    -------------------

                         (clock sys_clk_pin rise edge)
                                                      0.000     0.000 r  
    K17                                               0.000     0.000 r  clk (IN)
                         net (fo=0)                   0.000     0.000    clk
    K17                  IBUF (Prop_ibuf_I_O)         0.431     0.431 r  clk_IBUF_inst/O
                         net (fo=1, routed)           0.907     1.338    clk_IBUF
    BUFGCTRL_X0Y16       BUFG (Prop_bufg_I_O)         0.029     1.367 r  clk_IBUF_BUFG_inst/O
                         net (fo=23389, routed)       0.826     2.193    clk_IBUF_BUFG
    SLICE_X33Y50         FDCE                                         r  jetson_hold_packet_reg[208]/C
                         clock pessimism             -0.256     1.936    
    SLICE_X33Y50         FDCE (Hold_fdce_C_D)         0.023     1.959    jetson_hold_packet_reg[208]
  -------------------------------------------------------------------
                         required time                         -1.959    
                         arrival time                           1.984    
  -------------------------------------------------------------------
                         slack                                  0.025    

Slack (MET) :             0.032ns  (arrival time - required time)
  Source:                 u_jetson_decrypt/u_decrypt_ip/u_gcm_decrypt/u_aes_encrypt/u_encrypt_core/stage_state_reg[9][5]/C
                            (rising edge-triggered cell FDRE clocked by sys_clk_pin  {rise@0.000ns fall@4.000ns period=8.000ns})
  Destination:            u_jetson_decrypt/u_decrypt_ip/u_gcm_decrypt/plaintext_reg_reg[5]/D
                            (rising edge-triggered cell FDRE clocked by sys_clk_pin  {rise@0.000ns fall@4.000ns period=8.000ns})
  Path Group:             sys_clk_pin
  Path Type:              Hold (Min at Fast Process Corner)
  Requirement:            0.000ns  (sys_clk_pin rise@0.000ns - sys_clk_pin rise@0.000ns)
  Data Path Delay:        0.390ns  (logic 0.186ns (47.646%)  route 0.204ns (52.354%))
  Logic Levels:           1  (LUT2=1)
  Clock Path Skew:        0.266ns (DCD - SCD - CPR)
    Destination Clock Delay (DCD):    2.192ns
    Source Clock Delay      (SCD):    1.664ns
    Clock Pessimism Removal (CPR):    0.261ns

    Location             Delay type                Incr(ns)  Path(ns)    Netlist Resource(s)
  -------------------------------------------------------------------    -------------------
                         (clock sys_clk_pin rise edge)
                                                      0.000     0.000 r  
    K17                                               0.000     0.000 r  clk (IN)
                         net (fo=0)                   0.000     0.000    clk
    K17                  IBUF (Prop_ibuf_I_O)         0.243     0.243 r  clk_IBUF_inst/O
                         net (fo=1, routed)           0.842     1.084    clk_IBUF
    BUFGCTRL_X0Y16       BUFG (Prop_bufg_I_O)         0.026     1.110 r  clk_IBUF_BUFG_inst/O
                         net (fo=23389, routed)       0.554     1.664    u_jetson_decrypt/u_decrypt_ip/u_gcm_decrypt/u_aes_encrypt/u_encrypt_core/clk_IBUF_BUFG
    SLICE_X52Y36         FDRE                                         r  u_jetson_decrypt/u_decrypt_ip/u_gcm_decrypt/u_aes_encrypt/u_encrypt_core/stage_state_reg[9][5]/C
  -------------------------------------------------------------------    -------------------
    SLICE_X52Y36         FDRE (Prop_fdre_C_Q)         0.141     1.805 r  u_jetson_decrypt/u_decrypt_ip/u_gcm_decrypt/u_aes_encrypt/u_encrypt_core/stage_state_reg[9][5]/Q
                         net (fo=3, routed)           0.204     2.009    u_jetson_decrypt/u_decrypt_ip/u_gcm_decrypt/u_aes_encrypt/u_encrypt_core/stage_state_reg[9][127]_0[5]
    SLICE_X49Y37         LUT2 (Prop_lut2_I1_O)        0.045     2.054 r  u_jetson_decrypt/u_decrypt_ip/u_gcm_decrypt/u_aes_encrypt/u_encrypt_core/plaintext_reg[5]_i_1/O
                         net (fo=1, routed)           0.000     2.054    u_jetson_decrypt/u_decrypt_ip/u_gcm_decrypt/plaintext_reg0[5]
    SLICE_X49Y37         FDRE                                         r  u_jetson_decrypt/u_decrypt_ip/u_gcm_decrypt/plaintext_reg_reg[5]/D
  -------------------------------------------------------------------    -------------------

                         (clock sys_clk_pin rise edge)
                                                      0.000     0.000 r  
    K17                                               0.000     0.000 r  clk (IN)
                         net (fo=0)                   0.000     0.000    clk
    K17                  IBUF (Prop_ibuf_I_O)         0.431     0.431 r  clk_IBUF_inst/O
                         net (fo=1, routed)           0.907     1.338    clk_IBUF
    BUFGCTRL_X0Y16       BUFG (Prop_bufg_I_O)         0.029     1.367 r  clk_IBUF_BUFG_inst/O
                         net (fo=23389, routed)       0.825     2.192    u_jetson_decrypt/u_decrypt_ip/u_gcm_decrypt/clk_IBUF_BUFG
    SLICE_X49Y37         FDRE                                         r  u_jetson_decrypt/u_decrypt_ip/u_gcm_decrypt/plaintext_reg_reg[5]/C
                         clock pessimism             -0.261     1.930    
    SLICE_X49Y37         FDRE (Hold_fdre_C_D)         0.092     2.022    u_jetson_decrypt/u_decrypt_ip/u_gcm_decrypt/plaintext_reg_reg[5]
  -------------------------------------------------------------------
                         required time                         -2.022    
                         arrival time                           2.054    
  -------------------------------------------------------------------
                         slack                                  0.032    

Slack (MET) :             0.032ns  (arrival time - required time)
  Source:                 jetson_hold_packet_reg[214]/C
                            (rising edge-triggered cell FDCE clocked by sys_clk_pin  {rise@0.000ns fall@4.000ns period=8.000ns})
  Destination:            u_jetson_decrypt/u_decrypt_ip/u_gcm_decrypt/ciphertext_reg_reg[86]/D
                            (rising edge-triggered cell FDRE clocked by sys_clk_pin  {rise@0.000ns fall@4.000ns period=8.000ns})
  Path Group:             sys_clk_pin
  Path Type:              Hold (Min at Fast Process Corner)
  Requirement:            0.000ns  (sys_clk_pin rise@0.000ns - sys_clk_pin rise@0.000ns)
  Data Path Delay:        0.370ns  (logic 0.141ns (38.136%)  route 0.229ns (61.864%))
  Logic Levels:           0  
  Clock Path Skew:        0.273ns (DCD - SCD - CPR)
    Destination Clock Delay (DCD):    2.197ns
    Source Clock Delay      (SCD):    1.667ns
    Clock Pessimism Removal (CPR):    0.256ns

    Location             Delay type                Incr(ns)  Path(ns)    Netlist Resource(s)
  -------------------------------------------------------------------    -------------------
                         (clock sys_clk_pin rise edge)
                                                      0.000     0.000 r  
    K17                                               0.000     0.000 r  clk (IN)
                         net (fo=0)                   0.000     0.000    clk
    K17                  IBUF (Prop_ibuf_I_O)         0.243     0.243 r  clk_IBUF_inst/O
                         net (fo=1, routed)           0.842     1.084    clk_IBUF
    BUFGCTRL_X0Y16       BUFG (Prop_bufg_I_O)         0.026     1.110 r  clk_IBUF_BUFG_inst/O
                         net (fo=23389, routed)       0.557     1.667    clk_IBUF_BUFG
    SLICE_X37Y52         FDCE                                         r  jetson_hold_packet_reg[214]/C
  -------------------------------------------------------------------    -------------------
    SLICE_X37Y52         FDCE (Prop_fdce_C_Q)         0.141     1.808 r  jetson_hold_packet_reg[214]/Q
                         net (fo=2, routed)           0.229     2.037    u_jetson_decrypt/u_decrypt_ip/u_gcm_decrypt/Q[214]
    SLICE_X38Y48         FDRE                                         r  u_jetson_decrypt/u_decrypt_ip/u_gcm_decrypt/ciphertext_reg_reg[86]/D
  -------------------------------------------------------------------    -------------------

                         (clock sys_clk_pin rise edge)
                                                      0.000     0.000 r  
    K17                                               0.000     0.000 r  clk (IN)
                         net (fo=0)                   0.000     0.000    clk
    K17                  IBUF (Prop_ibuf_I_O)         0.431     0.431 r  clk_IBUF_inst/O
                         net (fo=1, routed)           0.907     1.338    clk_IBUF
    BUFGCTRL_X0Y16       BUFG (Prop_bufg_I_O)         0.029     1.367 r  clk_IBUF_BUFG_inst/O
                         net (fo=23389, routed)       0.830     2.197    u_jetson_decrypt/u_decrypt_ip/u_gcm_decrypt/clk_IBUF_BUFG
    SLICE_X38Y48         FDRE                                         r  u_jetson_decrypt/u_decrypt_ip/u_gcm_decrypt/ciphertext_reg_reg[86]/C
                         clock pessimism             -0.256     1.940    
    SLICE_X38Y48         FDRE (Hold_fdre_C_D)         0.064     2.004    u_jetson_decrypt/u_decrypt_ip/u_gcm_decrypt/ciphertext_reg_reg[86]
  -------------------------------------------------------------------
                         required time                         -2.004    
                         arrival time                           2.037    
  -------------------------------------------------------------------
                         slack                                  0.032    

Slack (MET) :             0.033ns  (arrival time - required time)
  Source:                 u_spi_slave_jetson/rx_data_reg[373]/C
                            (rising edge-triggered cell FDCE clocked by sys_clk_pin  {rise@0.000ns fall@4.000ns period=8.000ns})
  Destination:            jetson_hold_packet_reg[373]/D
                            (rising edge-triggered cell FDCE clocked by sys_clk_pin  {rise@0.000ns fall@4.000ns period=8.000ns})
  Path Group:             sys_clk_pin
  Path Type:              Hold (Min at Fast Process Corner)
  Requirement:            0.000ns  (sys_clk_pin rise@0.000ns - sys_clk_pin rise@0.000ns)
  Data Path Delay:        0.344ns  (logic 0.164ns (47.727%)  route 0.180ns (52.273%))
  Logic Levels:           0  
  Clock Path Skew:        0.258ns (DCD - SCD - CPR)
    Destination Clock Delay (DCD):    2.188ns
    Source Clock Delay      (SCD):    1.668ns
    Clock Pessimism Removal (CPR):    0.261ns

    Location             Delay type                Incr(ns)  Path(ns)    Netlist Resource(s)
  -------------------------------------------------------------------    -------------------
                         (clock sys_clk_pin rise edge)
                                                      0.000     0.000 r  
    K17                                               0.000     0.000 r  clk (IN)
                         net (fo=0)                   0.000     0.000    clk
    K17                  IBUF (Prop_ibuf_I_O)         0.243     0.243 r  clk_IBUF_inst/O
                         net (fo=1, routed)           0.842     1.084    clk_IBUF
    BUFGCTRL_X0Y16       BUFG (Prop_bufg_I_O)         0.026     1.110 r  clk_IBUF_BUFG_inst/O
                         net (fo=23389, routed)       0.558     1.668    u_spi_slave_jetson/clk_IBUF_BUFG
    SLICE_X42Y36         FDCE                                         r  u_spi_slave_jetson/rx_data_reg[373]/C
  -------------------------------------------------------------------    -------------------
    SLICE_X42Y36         FDCE (Prop_fdce_C_Q)         0.164     1.832 r  u_spi_slave_jetson/rx_data_reg[373]/Q
                         net (fo=1, routed)           0.180     2.012    jetson_spi_rx_packet[373]
    SLICE_X50Y37         FDCE                                         r  jetson_hold_packet_reg[373]/D
  -------------------------------------------------------------------    -------------------

                         (clock sys_clk_pin rise edge)
                                                      0.000     0.000 r  
    K17                                               0.000     0.000 r  clk (IN)
                         net (fo=0)                   0.000     0.000    clk
    K17                  IBUF (Prop_ibuf_I_O)         0.431     0.431 r  clk_IBUF_inst/O
                         net (fo=1, routed)           0.907     1.338    clk_IBUF
    BUFGCTRL_X0Y16       BUFG (Prop_bufg_I_O)         0.029     1.367 r  clk_IBUF_BUFG_inst/O
                         net (fo=23389, routed)       0.821     2.188    clk_IBUF_BUFG
    SLICE_X50Y37         FDCE                                         r  jetson_hold_packet_reg[373]/C
                         clock pessimism             -0.261     1.926    
    SLICE_X50Y37         FDCE (Hold_fdce_C_D)         0.052     1.978    jetson_hold_packet_reg[373]
  -------------------------------------------------------------------
                         required time                         -1.978    
                         arrival time                           2.012    
  -------------------------------------------------------------------
                         slack                                  0.033    

Slack (MET) :             0.034ns  (arrival time - required time)
  Source:                 u_jetson_decrypt/u_decrypt_ip/u_key_schedule/round_keys_reg[269]/C
                            (rising edge-triggered cell FDRE clocked by sys_clk_pin  {rise@0.000ns fall@4.000ns period=8.000ns})
  Destination:            u_jetson_decrypt/u_decrypt_ip/u_gcm_decrypt/u_aes_encrypt/u_encrypt_core/stage_state_reg[7][13]/D
                            (rising edge-triggered cell FDRE clocked by sys_clk_pin  {rise@0.000ns fall@4.000ns period=8.000ns})
  Path Group:             sys_clk_pin
  Path Type:              Hold (Min at Fast Process Corner)
  Requirement:            0.000ns  (sys_clk_pin rise@0.000ns - sys_clk_pin rise@0.000ns)
  Data Path Delay:        0.410ns  (logic 0.209ns (50.932%)  route 0.201ns (49.068%))
  Logic Levels:           1  (LUT6=1)
  Clock Path Skew:        0.256ns (DCD - SCD - CPR)
    Destination Clock Delay (DCD):    2.177ns
    Source Clock Delay      (SCD):    1.659ns
    Clock Pessimism Removal (CPR):    0.261ns

    Location             Delay type                Incr(ns)  Path(ns)    Netlist Resource(s)
  -------------------------------------------------------------------    -------------------
                         (clock sys_clk_pin rise edge)
                                                      0.000     0.000 r  
    K17                                               0.000     0.000 r  clk (IN)
                         net (fo=0)                   0.000     0.000    clk
    K17                  IBUF (Prop_ibuf_I_O)         0.243     0.243 r  clk_IBUF_inst/O
                         net (fo=1, routed)           0.842     1.084    clk_IBUF
    BUFGCTRL_X0Y16       BUFG (Prop_bufg_I_O)         0.026     1.110 r  clk_IBUF_BUFG_inst/O
                         net (fo=23389, routed)       0.549     1.659    u_jetson_decrypt/u_decrypt_ip/u_key_schedule/clk_IBUF_BUFG
    SLICE_X46Y24         FDRE                                         r  u_jetson_decrypt/u_decrypt_ip/u_key_schedule/round_keys_reg[269]/C
  -------------------------------------------------------------------    -------------------
    SLICE_X46Y24         FDRE (Prop_fdre_C_Q)         0.164     1.823 r  u_jetson_decrypt/u_decrypt_ip/u_key_schedule/round_keys_reg[269]/Q
                         net (fo=1, routed)           0.201     2.024    u_jetson_decrypt/u_decrypt_ip/u_gcm_decrypt/u_aes_encrypt/u_encrypt_core/stage_state[0][120]_i_21_0[87]
    SLICE_X50Y23         LUT6 (Prop_lut6_I5_O)        0.045     2.069 r  u_jetson_decrypt/u_decrypt_ip/u_gcm_decrypt/u_aes_encrypt/u_encrypt_core/stage_state[7][13]_i_1__0/O
                         net (fo=1, routed)           0.000     2.069    u_jetson_decrypt/u_decrypt_ip/u_gcm_decrypt/u_aes_encrypt/u_encrypt_core/round_output[7]_8[13]
    SLICE_X50Y23         FDRE                                         r  u_jetson_decrypt/u_decrypt_ip/u_gcm_decrypt/u_aes_encrypt/u_encrypt_core/stage_state_reg[7][13]/D
  -------------------------------------------------------------------    -------------------

                         (clock sys_clk_pin rise edge)
                                                      0.000     0.000 r  
    K17                                               0.000     0.000 r  clk (IN)
                         net (fo=0)                   0.000     0.000    clk
    K17                  IBUF (Prop_ibuf_I_O)         0.431     0.431 r  clk_IBUF_inst/O
                         net (fo=1, routed)           0.907     1.338    clk_IBUF
    BUFGCTRL_X0Y16       BUFG (Prop_bufg_I_O)         0.029     1.367 r  clk_IBUF_BUFG_inst/O
                         net (fo=23389, routed)       0.810     2.177    u_jetson_decrypt/u_decrypt_ip/u_gcm_decrypt/u_aes_encrypt/u_encrypt_core/clk_IBUF_BUFG
    SLICE_X50Y23         FDRE                                         r  u_jetson_decrypt/u_decrypt_ip/u_gcm_decrypt/u_aes_encrypt/u_encrypt_core/stage_state_reg[7][13]/C
                         clock pessimism             -0.261     1.915    
    SLICE_X50Y23         FDRE (Hold_fdre_C_D)         0.120     2.035    u_jetson_decrypt/u_decrypt_ip/u_gcm_decrypt/u_aes_encrypt/u_encrypt_core/stage_state_reg[7][13]
  -------------------------------------------------------------------
                         required time                         -2.035    
                         arrival time                           2.069    
  -------------------------------------------------------------------
                         slack                                  0.034    

Slack (MET) :             0.035ns  (arrival time - required time)
  Source:                 u_shared_encrypt/u_encrypt_ip/u_gcm_encrypt/hash_subkey_reg[95]/C
                            (rising edge-triggered cell FDRE clocked by sys_clk_pin  {rise@0.000ns fall@4.000ns period=8.000ns})
  Destination:            u_shared_encrypt/u_encrypt_ip/u_gcm_encrypt/u_ghash/h_reg_reg[95]/D
                            (rising edge-triggered cell FDRE clocked by sys_clk_pin  {rise@0.000ns fall@4.000ns period=8.000ns})
  Path Group:             sys_clk_pin
  Path Type:              Hold (Min at Fast Process Corner)
  Requirement:            0.000ns  (sys_clk_pin rise@0.000ns - sys_clk_pin rise@0.000ns)
  Data Path Delay:        0.324ns  (logic 0.128ns (39.479%)  route 0.196ns (60.521%))
  Logic Levels:           0  
  Clock Path Skew:        0.264ns (DCD - SCD - CPR)
    Destination Clock Delay (DCD):    2.221ns
    Source Clock Delay      (SCD):    1.700ns
    Clock Pessimism Removal (CPR):    0.256ns

    Location             Delay type                Incr(ns)  Path(ns)    Netlist Resource(s)
  -------------------------------------------------------------------    -------------------
                         (clock sys_clk_pin rise edge)
                                                      0.000     0.000 r  
    K17                                               0.000     0.000 r  clk (IN)
                         net (fo=0)                   0.000     0.000    clk
    K17                  IBUF (Prop_ibuf_I_O)         0.243     0.243 r  clk_IBUF_inst/O
                         net (fo=1, routed)           0.842     1.084    clk_IBUF
    BUFGCTRL_X0Y16       BUFG (Prop_bufg_I_O)         0.026     1.110 r  clk_IBUF_BUFG_inst/O
                         net (fo=23389, routed)       0.590     1.700    u_shared_encrypt/u_encrypt_ip/u_gcm_encrypt/clk_IBUF_BUFG
    SLICE_X84Y49         FDRE                                         r  u_shared_encrypt/u_encrypt_ip/u_gcm_encrypt/hash_subkey_reg[95]/C
  -------------------------------------------------------------------    -------------------
    SLICE_X84Y49         FDRE (Prop_fdre_C_Q)         0.128     1.828 r  u_shared_encrypt/u_encrypt_ip/u_gcm_encrypt/hash_subkey_reg[95]/Q
                         net (fo=2, routed)           0.196     2.024    u_shared_encrypt/u_encrypt_ip/u_gcm_encrypt/u_ghash/h_reg_reg[127]_0[95]
    SLICE_X87Y50         FDRE                                         r  u_shared_encrypt/u_encrypt_ip/u_gcm_encrypt/u_ghash/h_reg_reg[95]/D
  -------------------------------------------------------------------    -------------------

                         (clock sys_clk_pin rise edge)
                                                      0.000     0.000 r  
    K17                                               0.000     0.000 r  clk (IN)
                         net (fo=0)                   0.000     0.000    clk
    K17                  IBUF (Prop_ibuf_I_O)         0.431     0.431 r  clk_IBUF_inst/O
                         net (fo=1, routed)           0.907     1.338    clk_IBUF
    BUFGCTRL_X0Y16       BUFG (Prop_bufg_I_O)         0.029     1.367 r  clk_IBUF_BUFG_inst/O
                         net (fo=23389, routed)       0.854     2.221    u_shared_encrypt/u_encrypt_ip/u_gcm_encrypt/u_ghash/clk_IBUF_BUFG
    SLICE_X87Y50         FDRE                                         r  u_shared_encrypt/u_encrypt_ip/u_gcm_encrypt/u_ghash/h_reg_reg[95]/C
                         clock pessimism             -0.256     1.964    
    SLICE_X87Y50         FDRE (Hold_fdre_C_D)         0.025     1.989    u_shared_encrypt/u_encrypt_ip/u_gcm_encrypt/u_ghash/h_reg_reg[95]
  -------------------------------------------------------------------
                         required time                         -1.989    
                         arrival time                           2.024    
  -------------------------------------------------------------------
                         slack                                  0.035    

Slack (MET) :             0.035ns  (arrival time - required time)
  Source:                 u_jetson_decrypt/u_decrypt_ip/u_key_schedule/round_keys_reg[343]/C
                            (rising edge-triggered cell FDRE clocked by sys_clk_pin  {rise@0.000ns fall@4.000ns period=8.000ns})
  Destination:            u_jetson_decrypt/u_decrypt_ip/u_gcm_decrypt/u_aes_encrypt/u_encrypt_core/stage_state_reg[7][87]/D
                            (rising edge-triggered cell FDRE clocked by sys_clk_pin  {rise@0.000ns fall@4.000ns period=8.000ns})
  Path Group:             sys_clk_pin
  Path Type:              Hold (Min at Fast Process Corner)
  Requirement:            0.000ns  (sys_clk_pin rise@0.000ns - sys_clk_pin rise@0.000ns)
  Data Path Delay:        0.413ns  (logic 0.209ns (50.562%)  route 0.204ns (49.438%))
  Logic Levels:           1  (LUT6=1)
  Clock Path Skew:        0.257ns (DCD - SCD - CPR)
    Destination Clock Delay (DCD):    2.184ns
    Source Clock Delay      (SCD):    1.665ns
    Clock Pessimism Removal (CPR):    0.261ns

    Location             Delay type                Incr(ns)  Path(ns)    Netlist Resource(s)
  -------------------------------------------------------------------    -------------------
                         (clock sys_clk_pin rise edge)
                                                      0.000     0.000 r  
    K17                                               0.000     0.000 r  clk (IN)
                         net (fo=0)                   0.000     0.000    clk
    K17                  IBUF (Prop_ibuf_I_O)         0.243     0.243 r  clk_IBUF_inst/O
                         net (fo=1, routed)           0.842     1.084    clk_IBUF
    BUFGCTRL_X0Y16       BUFG (Prop_bufg_I_O)         0.026     1.110 r  clk_IBUF_BUFG_inst/O
                         net (fo=23389, routed)       0.555     1.665    u_jetson_decrypt/u_decrypt_ip/u_key_schedule/clk_IBUF_BUFG
    SLICE_X46Y18         FDRE                                         r  u_jetson_decrypt/u_decrypt_ip/u_key_schedule/round_keys_reg[343]/C
  -------------------------------------------------------------------    -------------------
    SLICE_X46Y18         FDRE (Prop_fdre_C_Q)         0.164     1.829 r  u_jetson_decrypt/u_decrypt_ip/u_key_schedule/round_keys_reg[343]/Q
                         net (fo=1, routed)           0.204     2.033    u_jetson_decrypt/u_decrypt_ip/u_gcm_decrypt/u_aes_encrypt/u_encrypt_core/stage_state[0][120]_i_21_0[134]
    SLICE_X50Y17         LUT6 (Prop_lut6_I5_O)        0.045     2.078 r  u_jetson_decrypt/u_decrypt_ip/u_gcm_decrypt/u_aes_encrypt/u_encrypt_core/stage_state[7][87]_i_1__0/O
                         net (fo=1, routed)           0.000     2.078    u_jetson_decrypt/u_decrypt_ip/u_gcm_decrypt/u_aes_encrypt/u_encrypt_core/round_output[7]_8[87]
    SLICE_X50Y17         FDRE                                         r  u_jetson_decrypt/u_decrypt_ip/u_gcm_decrypt/u_aes_encrypt/u_encrypt_core/stage_state_reg[7][87]/D
  -------------------------------------------------------------------    -------------------

                         (clock sys_clk_pin rise edge)
                                                      0.000     0.000 r  
    K17                                               0.000     0.000 r  clk (IN)
                         net (fo=0)                   0.000     0.000    clk
    K17                  IBUF (Prop_ibuf_I_O)         0.431     0.431 r  clk_IBUF_inst/O
                         net (fo=1, routed)           0.907     1.338    clk_IBUF
    BUFGCTRL_X0Y16       BUFG (Prop_bufg_I_O)         0.029     1.367 r  clk_IBUF_BUFG_inst/O
                         net (fo=23389, routed)       0.817     2.184    u_jetson_decrypt/u_decrypt_ip/u_gcm_decrypt/u_aes_encrypt/u_encrypt_core/clk_IBUF_BUFG
    SLICE_X50Y17         FDRE                                         r  u_jetson_decrypt/u_decrypt_ip/u_gcm_decrypt/u_aes_encrypt/u_encrypt_core/stage_state_reg[7][87]/C
                         clock pessimism             -0.261     1.922    
    SLICE_X50Y17         FDRE (Hold_fdre_C_D)         0.121     2.043    u_jetson_decrypt/u_decrypt_ip/u_gcm_decrypt/u_aes_encrypt/u_encrypt_core/stage_state_reg[7][87]
  -------------------------------------------------------------------
                         required time                         -2.043    
                         arrival time                           2.078    
  -------------------------------------------------------------------
                         slack                                  0.035    





Pulse Width Checks
--------------------------------------------------------------------------------------
Clock Name:         sys_clk_pin
Waveform(ns):       { 0.000 4.000 }
Period(ns):         8.000
Sources:            { clk }

Check Type        Corner  Lib Pin  Reference Pin  Required(ns)  Actual(ns)  Slack(ns)  Location        Pin
Min Period        n/a     BUFG/I   n/a            2.155         8.000       5.845      BUFGCTRL_X0Y16  clk_IBUF_BUFG_inst/I
Min Period        n/a     FDCE/C   n/a            1.000         8.000       7.000      SLICE_X39Y57    FSM_sequential_jetson_key_state_reg[0]/C
Min Period        n/a     FDCE/C   n/a            1.000         8.000       7.000      SLICE_X47Y58    FSM_sequential_jetson_key_state_reg[1]/C
Min Period        n/a     FDCE/C   n/a            1.000         8.000       7.000      SLICE_X55Y58    FSM_sequential_key_state_reg[0]/C
Min Period        n/a     FDCE/C   n/a            1.000         8.000       7.000      SLICE_X55Y58    FSM_sequential_key_state_reg[1]/C
Min Period        n/a     FDPE/C   n/a            1.000         8.000       7.000      SLICE_X50Y61    active_key_reg[0]/C
Min Period        n/a     FDPE/C   n/a            1.000         8.000       7.000      SLICE_X50Y63    active_key_reg[100]/C
Min Period        n/a     FDPE/C   n/a            1.000         8.000       7.000      SLICE_X50Y63    active_key_reg[101]/C
Min Period        n/a     FDPE/C   n/a            1.000         8.000       7.000      SLICE_X52Y64    active_key_reg[102]/C
Min Period        n/a     FDPE/C   n/a            1.000         8.000       7.000      SLICE_X50Y63    active_key_reg[103]/C
Low Pulse Width   Slow    FDRE/C   n/a            0.500         4.000       3.500      SLICE_X89Y58    u_shared_decrypt/u_decrypt_ip/u_gcm_decrypt/u_ghash/z_reg[72]/C
Low Pulse Width   Slow    FDRE/C   n/a            0.500         4.000       3.500      SLICE_X89Y58    u_shared_decrypt/u_decrypt_ip/u_gcm_decrypt/u_ghash/z_reg[74]/C
Low Pulse Width   Slow    FDRE/C   n/a            0.500         4.000       3.500      SLICE_X98Y47    u_shared_encrypt/u_encrypt_ip/u_key_schedule/working_key_reg[116]/C
Low Pulse Width   Slow    FDRE/C   n/a            0.500         4.000       3.500      SLICE_X91Y51    u_shared_encrypt/u_encrypt_ip/u_gcm_encrypt/u_ghash/ghash_reg[98]/C
Low Pulse Width   Slow    FDRE/C   n/a            0.500         4.000       3.500      SLICE_X98Y48    u_shared_encrypt/u_encrypt_ip/u_key_schedule/working_key_reg[118]/C
Low Pulse Width   Slow    FDRE/C   n/a            0.500         4.000       3.500      SLICE_X98Y47    u_shared_encrypt/u_encrypt_ip/u_key_schedule/working_key_reg[84]/C
Low Pulse Width   Slow    FDRE/C   n/a            0.500         4.000       3.500      SLICE_X98Y48    u_shared_encrypt/u_encrypt_ip/u_key_schedule/working_key_reg[86]/C
Low Pulse Width   Slow    FDRE/C   n/a            0.500         4.000       3.500      SLICE_X31Y37    u_jetson_decrypt/u_decrypt_ip/u_key_schedule/working_key_reg[51]/C
Low Pulse Width   Slow    FDRE/C   n/a            0.500         4.000       3.500      SLICE_X31Y37    u_jetson_decrypt/u_decrypt_ip/u_key_schedule/working_key_reg[54]/C
Low Pulse Width   Slow    FDRE/C   n/a            0.500         4.000       3.500      SLICE_X28Y37    u_jetson_decrypt/u_decrypt_ip/u_gcm_decrypt/u_ghash/ghash_reg[11]/C
High Pulse Width  Fast    FDCE/C   n/a            0.500         4.000       3.500      SLICE_X39Y57    FSM_sequential_jetson_key_state_reg[0]/C
High Pulse Width  Fast    FDCE/C   n/a            0.500         4.000       3.500      SLICE_X47Y58    FSM_sequential_jetson_key_state_reg[1]/C
High Pulse Width  Fast    FDCE/C   n/a            0.500         4.000       3.500      SLICE_X55Y58    FSM_sequential_key_state_reg[0]/C
High Pulse Width  Fast    FDCE/C   n/a            0.500         4.000       3.500      SLICE_X55Y58    FSM_sequential_key_state_reg[1]/C
High Pulse Width  Fast    FDPE/C   n/a            0.500         4.000       3.500      SLICE_X50Y61    active_key_reg[0]/C
High Pulse Width  Fast    FDPE/C   n/a            0.500         4.000       3.500      SLICE_X50Y63    active_key_reg[100]/C
High Pulse Width  Fast    FDPE/C   n/a            0.500         4.000       3.500      SLICE_X50Y63    active_key_reg[101]/C
High Pulse Width  Fast    FDPE/C   n/a            0.500         4.000       3.500      SLICE_X52Y64    active_key_reg[102]/C
High Pulse Width  Fast    FDPE/C   n/a            0.500         4.000       3.500      SLICE_X50Y63    active_key_reg[103]/C
High Pulse Width  Fast    FDCE/C   n/a            0.500         4.000       3.500      SLICE_X80Y67    active_key_reg[104]/C



