Copyright 1986-2020 Xilinx, Inc. All Rights Reserved.
-----------------------------------------------------------------------------------------------------------------------------------------------------------------------------------------------------------------------------------------------------
| Tool Version : Vivado v.2020.2 (win64) Build 3064766 Wed Nov 18 09:12:45 MST 2020
| Date         : Tue Aug 11 11:29:55 2026
| Host         : DESKTOP-7CFQ9ND running 64-bit major release  (build 9200)
| Command      : report_timing_summary -max_paths 10 -file basys3_secure_rack_control_timing_summary_routed.rpt -pb basys3_secure_rack_control_timing_summary_routed.pb -rpx basys3_secure_rack_control_timing_summary_routed.rpx -warn_on_violation
| Design       : basys3_secure_rack_control
| Device       : 7a35t-cpg236
| Speed File   : -1  PRODUCTION 1.23 2018-06-13
-----------------------------------------------------------------------------------------------------------------------------------------------------------------------------------------------------------------------------------------------------

Timing Summary Report

------------------------------------------------------------------------------------------------
| Timer Settings
| --------------
------------------------------------------------------------------------------------------------

  Enable Multi Corner Analysis               :  Yes
  Enable Pessimism Removal                   :  Yes
  Pessimism Removal Resolution               :  Nearest Common Node
  Enable Input Delay Default Clock           :  No
  Enable Preset / Clear Arcs                 :  No
  Disable Flight Delays                      :  No
  Ignore I/O Paths                           :  No
  Timing Early Launch at Borrowing Latches   :  No
  Borrow Time for Max Delay Exceptions       :  Yes
  Merge Timing Exceptions                    :  Yes

  Corner  Analyze    Analyze    
  Name    Max Paths  Min Paths  
  ------  ---------  ---------  
  Slow    Yes        Yes        
  Fast    Yes        Yes        



check_timing report

Table of Contents
-----------------
1. checking no_clock (38)
2. checking constant_clock (0)
3. checking pulse_width_clock (0)
4. checking unconstrained_internal_endpoints (602)
5. checking no_input_delay (18)
6. checking no_output_delay (29)
7. checking multiple_clock (0)
8. checking generated_clocks (0)
9. checking loops (0)
10. checking partial_input_delay (0)
11. checking partial_output_delay (0)
12. checking latch_loops (0)

1. checking no_clock (38)
-------------------------
 There are 38 register/latch pins with no clock driven by root clock pin: U_VGA_DECODER/u_pclk_gen/pclk_reg/Q (HIGH)


2. checking constant_clock (0)
------------------------------
 There are 0 register/latch pins with constant_clock.


3. checking pulse_width_clock (0)
---------------------------------
 There are 0 register/latch pins which need pulse_width check


4. checking unconstrained_internal_endpoints (602)
--------------------------------------------------
 There are 602 pins that are not constrained for maximum delay. (HIGH)

 There are 0 pins that are not constrained for maximum delay due to constant clock.


5. checking no_input_delay (18)
-------------------------------
 There are 18 input ports with no input delay specified. (HIGH)

 There are 0 input ports with no input delay but user has a false path constraint.


6. checking no_output_delay (29)
--------------------------------
 There are 29 ports with no output delay specified. (HIGH)

 There are 0 ports with no output delay but user has a false path constraint

 There are 0 ports with no output delay but with a timing clock defined on it or propagating through it


7. checking multiple_clock (0)
------------------------------
 There are 0 register/latch pins with multiple clocks.


8. checking generated_clocks (0)
--------------------------------
 There are 0 generated clocks that are not connected to a clock source.


9. checking loops (0)
---------------------
 There are 0 combinational loops in the design.


10. checking partial_input_delay (0)
------------------------------------
 There are 0 input ports with partial input delay specified.


11. checking partial_output_delay (0)
-------------------------------------
 There are 0 ports with partial output delay specified.


12. checking latch_loops (0)
----------------------------
 There are 0 combinational latch loops in the design through latch input



------------------------------------------------------------------------------------------------
| Design Timing Summary
| ---------------------
------------------------------------------------------------------------------------------------

    WNS(ns)      TNS(ns)  TNS Failing Endpoints  TNS Total Endpoints      WHS(ns)      THS(ns)  THS Failing Endpoints  THS Total Endpoints     WPWS(ns)     TPWS(ns)  TPWS Failing Endpoints  TPWS Total Endpoints  
    -------      -------  ---------------------  -------------------      -------      -------  ---------------------  -------------------     --------     --------  ----------------------  --------------------  
      1.027        0.000                      0                27734        0.012        0.000                      0                27734        3.000        0.000                       0                 11321  


All user specified timing constraints are met.


------------------------------------------------------------------------------------------------
| Clock Summary
| -------------
------------------------------------------------------------------------------------------------

Clock                 Waveform(ns)       Period(ns)      Frequency(MHz)
-----                 ------------       ----------      --------------
cam_pclk              {0.000 20.000}     40.000          25.000          
sys_clk_pin           {0.000 5.000}      10.000          100.000         
  clk_25M_clk_wiz_0   {0.000 20.000}     40.000          25.000          
  clkfbout_clk_wiz_0  {0.000 5.000}      10.000          100.000         


------------------------------------------------------------------------------------------------
| Intra Clock Table
| -----------------
------------------------------------------------------------------------------------------------

Clock                     WNS(ns)      TNS(ns)  TNS Failing Endpoints  TNS Total Endpoints      WHS(ns)      THS(ns)  THS Failing Endpoints  THS Total Endpoints     WPWS(ns)     TPWS(ns)  TPWS Failing Endpoints  TPWS Total Endpoints  
-----                     -------      -------  ---------------------  -------------------      -------      -------  ---------------------  -------------------     --------     --------  ----------------------  --------------------  
cam_pclk                   23.958        0.000                      0                 1266        0.170        0.000                      0                 1266       19.500        0.000                       0                   349  
sys_clk_pin                 1.027        0.000                      0                26462        0.012        0.000                      0                26462        3.000        0.000                       0                 10967  
  clk_25M_clk_wiz_0                                                                                                                                                    37.845        0.000                       0                     2  
  clkfbout_clk_wiz_0                                                                                                                                                    7.845        0.000                       0                     3  


------------------------------------------------------------------------------------------------
| Inter Clock Table
| -----------------
------------------------------------------------------------------------------------------------

From Clock    To Clock          WNS(ns)      TNS(ns)  TNS Failing Endpoints  TNS Total Endpoints      WHS(ns)      THS(ns)  THS Failing Endpoints  THS Total Endpoints  
----------    --------          -------      -------  ---------------------  -------------------      -------      -------  ---------------------  -------------------  
cam_pclk      sys_clk_pin         7.162        0.000                      0                    6        0.100        0.000                      0                    6  


------------------------------------------------------------------------------------------------
| Other Path Groups Table
| -----------------------
------------------------------------------------------------------------------------------------

Path Group    From Clock    To Clock          WNS(ns)      TNS(ns)  TNS Failing Endpoints  TNS Total Endpoints      WHS(ns)      THS(ns)  THS Failing Endpoints  THS Total Endpoints  
----------    ----------    --------          -------      -------  ---------------------  -------------------      -------      -------  ---------------------  -------------------  


------------------------------------------------------------------------------------------------
| Timing Details
| --------------
------------------------------------------------------------------------------------------------


---------------------------------------------------------------------------------------------------
From Clock:  cam_pclk
  To Clock:  cam_pclk

Setup :            0  Failing Endpoints,  Worst Slack       23.958ns,  Total Violation        0.000ns
Hold  :            0  Failing Endpoints,  Worst Slack        0.170ns,  Total Violation        0.000ns
PW    :            0  Failing Endpoints,  Worst Slack       19.500ns,  Total Violation        0.000ns
---------------------------------------------------------------------------------------------------


Max Delay Paths
--------------------------------------------------------------------------------------
Slack (MET) :             23.958ns  (required time - arrival time)
  Source:                 U_CAM_SET/U_CAM_CTRL/pixelData_reg[13]/C
                            (rising edge-triggered cell FDRE clocked by cam_pclk  {rise@0.000ns fall@20.000ns period=40.000ns})
  Destination:            U_LED_SET/U_ZONE_MONITOR/red_cnt_reg[4][0]/CE
                            (rising edge-triggered cell FDCE clocked by cam_pclk  {rise@0.000ns fall@20.000ns period=40.000ns})
  Path Group:             cam_pclk
  Path Type:              Setup (Max at Slow Process Corner)
  Requirement:            40.000ns  (cam_pclk rise@40.000ns - cam_pclk rise@0.000ns)
  Data Path Delay:        15.674ns  (logic 2.929ns (18.687%)  route 12.745ns (81.313%))
  Logic Levels:           11  (CARRY4=2 LUT4=2 LUT5=3 LUT6=4)
  Clock Path Skew:        -0.128ns (DCD - SCD + CPR)
    Destination Clock Delay (DCD):    5.127ns = ( 45.127 - 40.000 ) 
    Source Clock Delay      (SCD):    5.675ns
    Clock Pessimism Removal (CPR):    0.420ns
  Clock Uncertainty:      0.035ns  ((TSJ^2 + TIJ^2)^1/2 + DJ) / 2 + PE
    Total System Jitter     (TSJ):    0.071ns
    Total Input Jitter      (TIJ):    0.000ns
    Discrete Jitter          (DJ):    0.000ns
    Phase Error              (PE):    0.000ns

    Location             Delay type                Incr(ns)  Path(ns)    Netlist Resource(s)
  -------------------------------------------------------------------    -------------------
                         (clock cam_pclk rise edge)
                                                      0.000     0.000 r  
    N1                                                0.000     0.000 r  pclk (IN)
                         net (fo=0)                   0.000     0.000    pclk
    N1                   IBUF (Prop_ibuf_I_O)         1.455     1.455 r  pclk_IBUF_inst/O
                         net (fo=1, routed)           2.488     3.943    pclk_IBUF
    BUFGCTRL_X0Y2        BUFG (Prop_bufg_I_O)         0.096     4.039 r  pclk_IBUF_BUFG_inst/O
                         net (fo=348, routed)         1.636     5.675    U_CAM_SET/U_CAM_CTRL/pclk_IBUF_BUFG
    SLICE_X58Y42         FDRE                                         r  U_CAM_SET/U_CAM_CTRL/pixelData_reg[13]/C
  -------------------------------------------------------------------    -------------------
    SLICE_X58Y42         FDRE (Prop_fdre_C_Q)         0.456     6.131 r  U_CAM_SET/U_CAM_CTRL/pixelData_reg[13]/Q
                         net (fo=19, routed)          2.300     8.431    U_CAM_SET/U_CAM_CTRL/pixelData_reg[15]_1[9]
    SLICE_X56Y35         LUT4 (Prop_lut4_I1_O)        0.152     8.583 r  U_CAM_SET/U_CAM_CTRL/delta_carry_i_21/O
                         net (fo=1, routed)           0.815     9.397    U_CAM_SET/U_CAM_CTRL/delta_carry_i_21_n_0
    SLICE_X54Y35         LUT6 (Prop_lut6_I3_O)        0.348     9.745 r  U_CAM_SET/U_CAM_CTRL/delta_carry_i_14/O
                         net (fo=2, routed)           0.861    10.607    U_CAM_SET/U_CAM_CTRL/delta_carry_i_14_n_0
    SLICE_X54Y36         LUT5 (Prop_lut5_I0_O)        0.124    10.731 r  U_CAM_SET/U_CAM_CTRL/delta_carry_i_10/O
                         net (fo=8, routed)           1.180    11.911    U_CAM_SET/U_CAM_CTRL/delta_carry_i_10_n_0
    SLICE_X54Y34         LUT5 (Prop_lut5_I1_O)        0.124    12.035 r  U_CAM_SET/U_CAM_CTRL/delta_carry_i_4/O
                         net (fo=3, routed)           0.731    12.765    U_CAM_SET/U_CAM_CTRL/max_val_ext[0]
    SLICE_X55Y34         LUT6 (Prop_lut6_I0_O)        0.124    12.889 r  U_CAM_SET/U_CAM_CTRL/delta_carry_i_8/O
                         net (fo=1, routed)           0.000    12.889    U_LED_SET/U_PIXEL_CLASS/red_cnt[0][13]_i_6[0]
    SLICE_X55Y34         CARRY4 (Prop_carry4_S[0]_O[2])
                                                      0.547    13.436 r  U_LED_SET/U_PIXEL_CLASS/delta_carry/O[2]
                         net (fo=5, routed)           1.033    14.470    U_CAM_SET/U_CAM_CTRL/O[2]
    SLICE_X56Y34         LUT4 (Prop_lut4_I3_O)        0.302    14.772 r  U_CAM_SET/U_CAM_CTRL/i__carry_i_5/O
                         net (fo=1, routed)           0.000    14.772    U_LED_SET/U_PIXEL_CLASS/green_cnt[0][13]_i_13_0[2]
    SLICE_X56Y34         CARRY4 (Prop_carry4_S[2]_CO[3])
                                                      0.380    15.152 r  U_LED_SET/U_PIXEL_CLASS/valid_s1_inferred__0/i__carry/CO[3]
                         net (fo=1, routed)           0.959    16.111    U_LED_SET/U_PIXEL_CLASS/valid_s111_in
    SLICE_X57Y34         LUT5 (Prop_lut5_I4_O)        0.124    16.235 f  U_LED_SET/U_PIXEL_CLASS/green_cnt[0][13]_i_13/O
                         net (fo=2, routed)           0.791    17.026    U_CAM_SET/U_CAM_CTRL/red_cnt_reg[0][0]_3
    SLICE_X57Y37         LUT6 (Prop_lut6_I0_O)        0.124    17.150 f  U_CAM_SET/U_CAM_CTRL/red_cnt[0][13]_i_5/O
                         net (fo=12, routed)          3.093    20.243    U_CAM_SET/U_CAM_CTRL/red_cnt[0][13]_i_5_n_0
    SLICE_X57Y54         LUT6 (Prop_lut6_I4_O)        0.124    20.367 r  U_CAM_SET/U_CAM_CTRL/red_cnt[4][13]_i_1/O
                         net (fo=14, routed)          0.982    21.350    U_LED_SET/U_ZONE_MONITOR/red_cnt_reg[4][0]_1[0]
    SLICE_X59Y52         FDCE                                         r  U_LED_SET/U_ZONE_MONITOR/red_cnt_reg[4][0]/CE
  -------------------------------------------------------------------    -------------------

                         (clock cam_pclk rise edge)
                                                     40.000    40.000 r  
    N1                                                0.000    40.000 r  pclk (IN)
                         net (fo=0)                   0.000    40.000    pclk
    N1                   IBUF (Prop_ibuf_I_O)         1.385    41.385 r  pclk_IBUF_inst/O
                         net (fo=1, routed)           2.143    43.527    pclk_IBUF
    BUFGCTRL_X0Y2        BUFG (Prop_bufg_I_O)         0.091    43.618 r  pclk_IBUF_BUFG_inst/O
                         net (fo=348, routed)         1.509    45.127    U_LED_SET/U_ZONE_MONITOR/CLK
    SLICE_X59Y52         FDCE                                         r  U_LED_SET/U_ZONE_MONITOR/red_cnt_reg[4][0]/C
                         clock pessimism              0.420    45.548    
                         clock uncertainty           -0.035    45.512    
    SLICE_X59Y52         FDCE (Setup_fdce_C_CE)      -0.205    45.307    U_LED_SET/U_ZONE_MONITOR/red_cnt_reg[4][0]
  -------------------------------------------------------------------
                         required time                         45.307    
                         arrival time                         -21.350    
  -------------------------------------------------------------------
                         slack                                 23.958    

Slack (MET) :             23.996ns  (required time - arrival time)
  Source:                 U_CAM_SET/U_CAM_CTRL/pixelData_reg[13]/C
                            (rising edge-triggered cell FDRE clocked by cam_pclk  {rise@0.000ns fall@20.000ns period=40.000ns})
  Destination:            U_LED_SET/U_ZONE_MONITOR/red_cnt_reg[4][10]/CE
                            (rising edge-triggered cell FDCE clocked by cam_pclk  {rise@0.000ns fall@20.000ns period=40.000ns})
  Path Group:             cam_pclk
  Path Type:              Setup (Max at Slow Process Corner)
  Requirement:            40.000ns  (cam_pclk rise@40.000ns - cam_pclk rise@0.000ns)
  Data Path Delay:        15.635ns  (logic 2.929ns (18.734%)  route 12.706ns (81.266%))
  Logic Levels:           11  (CARRY4=2 LUT4=2 LUT5=3 LUT6=4)
  Clock Path Skew:        -0.129ns (DCD - SCD + CPR)
    Destination Clock Delay (DCD):    5.126ns = ( 45.126 - 40.000 ) 
    Source Clock Delay      (SCD):    5.675ns
    Clock Pessimism Removal (CPR):    0.420ns
  Clock Uncertainty:      0.035ns  ((TSJ^2 + TIJ^2)^1/2 + DJ) / 2 + PE
    Total System Jitter     (TSJ):    0.071ns
    Total Input Jitter      (TIJ):    0.000ns
    Discrete Jitter          (DJ):    0.000ns
    Phase Error              (PE):    0.000ns

    Location             Delay type                Incr(ns)  Path(ns)    Netlist Resource(s)
  -------------------------------------------------------------------    -------------------
                         (clock cam_pclk rise edge)
                                                      0.000     0.000 r  
    N1                                                0.000     0.000 r  pclk (IN)
                         net (fo=0)                   0.000     0.000    pclk
    N1                   IBUF (Prop_ibuf_I_O)         1.455     1.455 r  pclk_IBUF_inst/O
                         net (fo=1, routed)           2.488     3.943    pclk_IBUF
    BUFGCTRL_X0Y2        BUFG (Prop_bufg_I_O)         0.096     4.039 r  pclk_IBUF_BUFG_inst/O
                         net (fo=348, routed)         1.636     5.675    U_CAM_SET/U_CAM_CTRL/pclk_IBUF_BUFG
    SLICE_X58Y42         FDRE                                         r  U_CAM_SET/U_CAM_CTRL/pixelData_reg[13]/C
  -------------------------------------------------------------------    -------------------
    SLICE_X58Y42         FDRE (Prop_fdre_C_Q)         0.456     6.131 r  U_CAM_SET/U_CAM_CTRL/pixelData_reg[13]/Q
                         net (fo=19, routed)          2.300     8.431    U_CAM_SET/U_CAM_CTRL/pixelData_reg[15]_1[9]
    SLICE_X56Y35         LUT4 (Prop_lut4_I1_O)        0.152     8.583 r  U_CAM_SET/U_CAM_CTRL/delta_carry_i_21/O
                         net (fo=1, routed)           0.815     9.397    U_CAM_SET/U_CAM_CTRL/delta_carry_i_21_n_0
    SLICE_X54Y35         LUT6 (Prop_lut6_I3_O)        0.348     9.745 r  U_CAM_SET/U_CAM_CTRL/delta_carry_i_14/O
                         net (fo=2, routed)           0.861    10.607    U_CAM_SET/U_CAM_CTRL/delta_carry_i_14_n_0
    SLICE_X54Y36         LUT5 (Prop_lut5_I0_O)        0.124    10.731 r  U_CAM_SET/U_CAM_CTRL/delta_carry_i_10/O
                         net (fo=8, routed)           1.180    11.911    U_CAM_SET/U_CAM_CTRL/delta_carry_i_10_n_0
    SLICE_X54Y34         LUT5 (Prop_lut5_I1_O)        0.124    12.035 r  U_CAM_SET/U_CAM_CTRL/delta_carry_i_4/O
                         net (fo=3, routed)           0.731    12.765    U_CAM_SET/U_CAM_CTRL/max_val_ext[0]
    SLICE_X55Y34         LUT6 (Prop_lut6_I0_O)        0.124    12.889 r  U_CAM_SET/U_CAM_CTRL/delta_carry_i_8/O
                         net (fo=1, routed)           0.000    12.889    U_LED_SET/U_PIXEL_CLASS/red_cnt[0][13]_i_6[0]
    SLICE_X55Y34         CARRY4 (Prop_carry4_S[0]_O[2])
                                                      0.547    13.436 r  U_LED_SET/U_PIXEL_CLASS/delta_carry/O[2]
                         net (fo=5, routed)           1.033    14.470    U_CAM_SET/U_CAM_CTRL/O[2]
    SLICE_X56Y34         LUT4 (Prop_lut4_I3_O)        0.302    14.772 r  U_CAM_SET/U_CAM_CTRL/i__carry_i_5/O
                         net (fo=1, routed)           0.000    14.772    U_LED_SET/U_PIXEL_CLASS/green_cnt[0][13]_i_13_0[2]
    SLICE_X56Y34         CARRY4 (Prop_carry4_S[2]_CO[3])
                                                      0.380    15.152 r  U_LED_SET/U_PIXEL_CLASS/valid_s1_inferred__0/i__carry/CO[3]
                         net (fo=1, routed)           0.959    16.111    U_LED_SET/U_PIXEL_CLASS/valid_s111_in
    SLICE_X57Y34         LUT5 (Prop_lut5_I4_O)        0.124    16.235 f  U_LED_SET/U_PIXEL_CLASS/green_cnt[0][13]_i_13/O
                         net (fo=2, routed)           0.791    17.026    U_CAM_SET/U_CAM_CTRL/red_cnt_reg[0][0]_3
    SLICE_X57Y37         LUT6 (Prop_lut6_I0_O)        0.124    17.150 f  U_CAM_SET/U_CAM_CTRL/red_cnt[0][13]_i_5/O
                         net (fo=12, routed)          3.093    20.243    U_CAM_SET/U_CAM_CTRL/red_cnt[0][13]_i_5_n_0
    SLICE_X57Y54         LUT6 (Prop_lut6_I4_O)        0.124    20.367 r  U_CAM_SET/U_CAM_CTRL/red_cnt[4][13]_i_1/O
                         net (fo=14, routed)          0.943    21.310    U_LED_SET/U_ZONE_MONITOR/red_cnt_reg[4][0]_1[0]
    SLICE_X58Y56         FDCE                                         r  U_LED_SET/U_ZONE_MONITOR/red_cnt_reg[4][10]/CE
  -------------------------------------------------------------------    -------------------

                         (clock cam_pclk rise edge)
                                                     40.000    40.000 r  
    N1                                                0.000    40.000 r  pclk (IN)
                         net (fo=0)                   0.000    40.000    pclk
    N1                   IBUF (Prop_ibuf_I_O)         1.385    41.385 r  pclk_IBUF_inst/O
                         net (fo=1, routed)           2.143    43.527    pclk_IBUF
    BUFGCTRL_X0Y2        BUFG (Prop_bufg_I_O)         0.091    43.618 r  pclk_IBUF_BUFG_inst/O
                         net (fo=348, routed)         1.508    45.126    U_LED_SET/U_ZONE_MONITOR/CLK
    SLICE_X58Y56         FDCE                                         r  U_LED_SET/U_ZONE_MONITOR/red_cnt_reg[4][10]/C
                         clock pessimism              0.420    45.546    
                         clock uncertainty           -0.035    45.511    
    SLICE_X58Y56         FDCE (Setup_fdce_C_CE)      -0.205    45.306    U_LED_SET/U_ZONE_MONITOR/red_cnt_reg[4][10]
  -------------------------------------------------------------------
                         required time                         45.306    
                         arrival time                         -21.310    
  -------------------------------------------------------------------
                         slack                                 23.996    

Slack (MET) :             23.996ns  (required time - arrival time)
  Source:                 U_CAM_SET/U_CAM_CTRL/pixelData_reg[13]/C
                            (rising edge-triggered cell FDRE clocked by cam_pclk  {rise@0.000ns fall@20.000ns period=40.000ns})
  Destination:            U_LED_SET/U_ZONE_MONITOR/red_cnt_reg[4][11]/CE
                            (rising edge-triggered cell FDCE clocked by cam_pclk  {rise@0.000ns fall@20.000ns period=40.000ns})
  Path Group:             cam_pclk
  Path Type:              Setup (Max at Slow Process Corner)
  Requirement:            40.000ns  (cam_pclk rise@40.000ns - cam_pclk rise@0.000ns)
  Data Path Delay:        15.635ns  (logic 2.929ns (18.734%)  route 12.706ns (81.266%))
  Logic Levels:           11  (CARRY4=2 LUT4=2 LUT5=3 LUT6=4)
  Clock Path Skew:        -0.129ns (DCD - SCD + CPR)
    Destination Clock Delay (DCD):    5.126ns = ( 45.126 - 40.000 ) 
    Source Clock Delay      (SCD):    5.675ns
    Clock Pessimism Removal (CPR):    0.420ns
  Clock Uncertainty:      0.035ns  ((TSJ^2 + TIJ^2)^1/2 + DJ) / 2 + PE
    Total System Jitter     (TSJ):    0.071ns
    Total Input Jitter      (TIJ):    0.000ns
    Discrete Jitter          (DJ):    0.000ns
    Phase Error              (PE):    0.000ns

    Location             Delay type                Incr(ns)  Path(ns)    Netlist Resource(s)
  -------------------------------------------------------------------    -------------------
                         (clock cam_pclk rise edge)
                                                      0.000     0.000 r  
    N1                                                0.000     0.000 r  pclk (IN)
                         net (fo=0)                   0.000     0.000    pclk
    N1                   IBUF (Prop_ibuf_I_O)         1.455     1.455 r  pclk_IBUF_inst/O
                         net (fo=1, routed)           2.488     3.943    pclk_IBUF
    BUFGCTRL_X0Y2        BUFG (Prop_bufg_I_O)         0.096     4.039 r  pclk_IBUF_BUFG_inst/O
                         net (fo=348, routed)         1.636     5.675    U_CAM_SET/U_CAM_CTRL/pclk_IBUF_BUFG
    SLICE_X58Y42         FDRE                                         r  U_CAM_SET/U_CAM_CTRL/pixelData_reg[13]/C
  -------------------------------------------------------------------    -------------------
    SLICE_X58Y42         FDRE (Prop_fdre_C_Q)         0.456     6.131 r  U_CAM_SET/U_CAM_CTRL/pixelData_reg[13]/Q
                         net (fo=19, routed)          2.300     8.431    U_CAM_SET/U_CAM_CTRL/pixelData_reg[15]_1[9]
    SLICE_X56Y35         LUT4 (Prop_lut4_I1_O)        0.152     8.583 r  U_CAM_SET/U_CAM_CTRL/delta_carry_i_21/O
                         net (fo=1, routed)           0.815     9.397    U_CAM_SET/U_CAM_CTRL/delta_carry_i_21_n_0
    SLICE_X54Y35         LUT6 (Prop_lut6_I3_O)        0.348     9.745 r  U_CAM_SET/U_CAM_CTRL/delta_carry_i_14/O
                         net (fo=2, routed)           0.861    10.607    U_CAM_SET/U_CAM_CTRL/delta_carry_i_14_n_0
    SLICE_X54Y36         LUT5 (Prop_lut5_I0_O)        0.124    10.731 r  U_CAM_SET/U_CAM_CTRL/delta_carry_i_10/O
                         net (fo=8, routed)           1.180    11.911    U_CAM_SET/U_CAM_CTRL/delta_carry_i_10_n_0
    SLICE_X54Y34         LUT5 (Prop_lut5_I1_O)        0.124    12.035 r  U_CAM_SET/U_CAM_CTRL/delta_carry_i_4/O
                         net (fo=3, routed)           0.731    12.765    U_CAM_SET/U_CAM_CTRL/max_val_ext[0]
    SLICE_X55Y34         LUT6 (Prop_lut6_I0_O)        0.124    12.889 r  U_CAM_SET/U_CAM_CTRL/delta_carry_i_8/O
                         net (fo=1, routed)           0.000    12.889    U_LED_SET/U_PIXEL_CLASS/red_cnt[0][13]_i_6[0]
    SLICE_X55Y34         CARRY4 (Prop_carry4_S[0]_O[2])
                                                      0.547    13.436 r  U_LED_SET/U_PIXEL_CLASS/delta_carry/O[2]
                         net (fo=5, routed)           1.033    14.470    U_CAM_SET/U_CAM_CTRL/O[2]
    SLICE_X56Y34         LUT4 (Prop_lut4_I3_O)        0.302    14.772 r  U_CAM_SET/U_CAM_CTRL/i__carry_i_5/O
                         net (fo=1, routed)           0.000    14.772    U_LED_SET/U_PIXEL_CLASS/green_cnt[0][13]_i_13_0[2]
    SLICE_X56Y34         CARRY4 (Prop_carry4_S[2]_CO[3])
                                                      0.380    15.152 r  U_LED_SET/U_PIXEL_CLASS/valid_s1_inferred__0/i__carry/CO[3]
                         net (fo=1, routed)           0.959    16.111    U_LED_SET/U_PIXEL_CLASS/valid_s111_in
    SLICE_X57Y34         LUT5 (Prop_lut5_I4_O)        0.124    16.235 f  U_LED_SET/U_PIXEL_CLASS/green_cnt[0][13]_i_13/O
                         net (fo=2, routed)           0.791    17.026    U_CAM_SET/U_CAM_CTRL/red_cnt_reg[0][0]_3
    SLICE_X57Y37         LUT6 (Prop_lut6_I0_O)        0.124    17.150 f  U_CAM_SET/U_CAM_CTRL/red_cnt[0][13]_i_5/O
                         net (fo=12, routed)          3.093    20.243    U_CAM_SET/U_CAM_CTRL/red_cnt[0][13]_i_5_n_0
    SLICE_X57Y54         LUT6 (Prop_lut6_I4_O)        0.124    20.367 r  U_CAM_SET/U_CAM_CTRL/red_cnt[4][13]_i_1/O
                         net (fo=14, routed)          0.943    21.310    U_LED_SET/U_ZONE_MONITOR/red_cnt_reg[4][0]_1[0]
    SLICE_X58Y56         FDCE                                         r  U_LED_SET/U_ZONE_MONITOR/red_cnt_reg[4][11]/CE
  -------------------------------------------------------------------    -------------------

                         (clock cam_pclk rise edge)
                                                     40.000    40.000 r  
    N1                                                0.000    40.000 r  pclk (IN)
                         net (fo=0)                   0.000    40.000    pclk
    N1                   IBUF (Prop_ibuf_I_O)         1.385    41.385 r  pclk_IBUF_inst/O
                         net (fo=1, routed)           2.143    43.527    pclk_IBUF
    BUFGCTRL_X0Y2        BUFG (Prop_bufg_I_O)         0.091    43.618 r  pclk_IBUF_BUFG_inst/O
                         net (fo=348, routed)         1.508    45.126    U_LED_SET/U_ZONE_MONITOR/CLK
    SLICE_X58Y56         FDCE                                         r  U_LED_SET/U_ZONE_MONITOR/red_cnt_reg[4][11]/C
                         clock pessimism              0.420    45.546    
                         clock uncertainty           -0.035    45.511    
    SLICE_X58Y56         FDCE (Setup_fdce_C_CE)      -0.205    45.306    U_LED_SET/U_ZONE_MONITOR/red_cnt_reg[4][11]
  -------------------------------------------------------------------
                         required time                         45.306    
                         arrival time                         -21.310    
  -------------------------------------------------------------------
                         slack                                 23.996    

Slack (MET) :             23.996ns  (required time - arrival time)
  Source:                 U_CAM_SET/U_CAM_CTRL/pixelData_reg[13]/C
                            (rising edge-triggered cell FDRE clocked by cam_pclk  {rise@0.000ns fall@20.000ns period=40.000ns})
  Destination:            U_LED_SET/U_ZONE_MONITOR/red_cnt_reg[4][12]/CE
                            (rising edge-triggered cell FDCE clocked by cam_pclk  {rise@0.000ns fall@20.000ns period=40.000ns})
  Path Group:             cam_pclk
  Path Type:              Setup (Max at Slow Process Corner)
  Requirement:            40.000ns  (cam_pclk rise@40.000ns - cam_pclk rise@0.000ns)
  Data Path Delay:        15.635ns  (logic 2.929ns (18.734%)  route 12.706ns (81.266%))
  Logic Levels:           11  (CARRY4=2 LUT4=2 LUT5=3 LUT6=4)
  Clock Path Skew:        -0.129ns (DCD - SCD + CPR)
    Destination Clock Delay (DCD):    5.126ns = ( 45.126 - 40.000 ) 
    Source Clock Delay      (SCD):    5.675ns
    Clock Pessimism Removal (CPR):    0.420ns
  Clock Uncertainty:      0.035ns  ((TSJ^2 + TIJ^2)^1/2 + DJ) / 2 + PE
    Total System Jitter     (TSJ):    0.071ns
    Total Input Jitter      (TIJ):    0.000ns
    Discrete Jitter          (DJ):    0.000ns
    Phase Error              (PE):    0.000ns

    Location             Delay type                Incr(ns)  Path(ns)    Netlist Resource(s)
  -------------------------------------------------------------------    -------------------
                         (clock cam_pclk rise edge)
                                                      0.000     0.000 r  
    N1                                                0.000     0.000 r  pclk (IN)
                         net (fo=0)                   0.000     0.000    pclk
    N1                   IBUF (Prop_ibuf_I_O)         1.455     1.455 r  pclk_IBUF_inst/O
                         net (fo=1, routed)           2.488     3.943    pclk_IBUF
    BUFGCTRL_X0Y2        BUFG (Prop_bufg_I_O)         0.096     4.039 r  pclk_IBUF_BUFG_inst/O
                         net (fo=348, routed)         1.636     5.675    U_CAM_SET/U_CAM_CTRL/pclk_IBUF_BUFG
    SLICE_X58Y42         FDRE                                         r  U_CAM_SET/U_CAM_CTRL/pixelData_reg[13]/C
  -------------------------------------------------------------------    -------------------
    SLICE_X58Y42         FDRE (Prop_fdre_C_Q)         0.456     6.131 r  U_CAM_SET/U_CAM_CTRL/pixelData_reg[13]/Q
                         net (fo=19, routed)          2.300     8.431    U_CAM_SET/U_CAM_CTRL/pixelData_reg[15]_1[9]
    SLICE_X56Y35         LUT4 (Prop_lut4_I1_O)        0.152     8.583 r  U_CAM_SET/U_CAM_CTRL/delta_carry_i_21/O
                         net (fo=1, routed)           0.815     9.397    U_CAM_SET/U_CAM_CTRL/delta_carry_i_21_n_0
    SLICE_X54Y35         LUT6 (Prop_lut6_I3_O)        0.348     9.745 r  U_CAM_SET/U_CAM_CTRL/delta_carry_i_14/O
                         net (fo=2, routed)           0.861    10.607    U_CAM_SET/U_CAM_CTRL/delta_carry_i_14_n_0
    SLICE_X54Y36         LUT5 (Prop_lut5_I0_O)        0.124    10.731 r  U_CAM_SET/U_CAM_CTRL/delta_carry_i_10/O
                         net (fo=8, routed)           1.180    11.911    U_CAM_SET/U_CAM_CTRL/delta_carry_i_10_n_0
    SLICE_X54Y34         LUT5 (Prop_lut5_I1_O)        0.124    12.035 r  U_CAM_SET/U_CAM_CTRL/delta_carry_i_4/O
                         net (fo=3, routed)           0.731    12.765    U_CAM_SET/U_CAM_CTRL/max_val_ext[0]
    SLICE_X55Y34         LUT6 (Prop_lut6_I0_O)        0.124    12.889 r  U_CAM_SET/U_CAM_CTRL/delta_carry_i_8/O
                         net (fo=1, routed)           0.000    12.889    U_LED_SET/U_PIXEL_CLASS/red_cnt[0][13]_i_6[0]
    SLICE_X55Y34         CARRY4 (Prop_carry4_S[0]_O[2])
                                                      0.547    13.436 r  U_LED_SET/U_PIXEL_CLASS/delta_carry/O[2]
                         net (fo=5, routed)           1.033    14.470    U_CAM_SET/U_CAM_CTRL/O[2]
    SLICE_X56Y34         LUT4 (Prop_lut4_I3_O)        0.302    14.772 r  U_CAM_SET/U_CAM_CTRL/i__carry_i_5/O
                         net (fo=1, routed)           0.000    14.772    U_LED_SET/U_PIXEL_CLASS/green_cnt[0][13]_i_13_0[2]
    SLICE_X56Y34         CARRY4 (Prop_carry4_S[2]_CO[3])
                                                      0.380    15.152 r  U_LED_SET/U_PIXEL_CLASS/valid_s1_inferred__0/i__carry/CO[3]
                         net (fo=1, routed)           0.959    16.111    U_LED_SET/U_PIXEL_CLASS/valid_s111_in
    SLICE_X57Y34         LUT5 (Prop_lut5_I4_O)        0.124    16.235 f  U_LED_SET/U_PIXEL_CLASS/green_cnt[0][13]_i_13/O
                         net (fo=2, routed)           0.791    17.026    U_CAM_SET/U_CAM_CTRL/red_cnt_reg[0][0]_3
    SLICE_X57Y37         LUT6 (Prop_lut6_I0_O)        0.124    17.150 f  U_CAM_SET/U_CAM_CTRL/red_cnt[0][13]_i_5/O
                         net (fo=12, routed)          3.093    20.243    U_CAM_SET/U_CAM_CTRL/red_cnt[0][13]_i_5_n_0
    SLICE_X57Y54         LUT6 (Prop_lut6_I4_O)        0.124    20.367 r  U_CAM_SET/U_CAM_CTRL/red_cnt[4][13]_i_1/O
                         net (fo=14, routed)          0.943    21.310    U_LED_SET/U_ZONE_MONITOR/red_cnt_reg[4][0]_1[0]
    SLICE_X58Y56         FDCE                                         r  U_LED_SET/U_ZONE_MONITOR/red_cnt_reg[4][12]/CE
  -------------------------------------------------------------------    -------------------

                         (clock cam_pclk rise edge)
                                                     40.000    40.000 r  
    N1                                                0.000    40.000 r  pclk (IN)
                         net (fo=0)                   0.000    40.000    pclk
    N1                   IBUF (Prop_ibuf_I_O)         1.385    41.385 r  pclk_IBUF_inst/O
                         net (fo=1, routed)           2.143    43.527    pclk_IBUF
    BUFGCTRL_X0Y2        BUFG (Prop_bufg_I_O)         0.091    43.618 r  pclk_IBUF_BUFG_inst/O
                         net (fo=348, routed)         1.508    45.126    U_LED_SET/U_ZONE_MONITOR/CLK
    SLICE_X58Y56         FDCE                                         r  U_LED_SET/U_ZONE_MONITOR/red_cnt_reg[4][12]/C
                         clock pessimism              0.420    45.546    
                         clock uncertainty           -0.035    45.511    
    SLICE_X58Y56         FDCE (Setup_fdce_C_CE)      -0.205    45.306    U_LED_SET/U_ZONE_MONITOR/red_cnt_reg[4][12]
  -------------------------------------------------------------------
                         required time                         45.306    
                         arrival time                         -21.310    
  -------------------------------------------------------------------
                         slack                                 23.996    

Slack (MET) :             23.996ns  (required time - arrival time)
  Source:                 U_CAM_SET/U_CAM_CTRL/pixelData_reg[13]/C
                            (rising edge-triggered cell FDRE clocked by cam_pclk  {rise@0.000ns fall@20.000ns period=40.000ns})
  Destination:            U_LED_SET/U_ZONE_MONITOR/red_cnt_reg[4][13]/CE
                            (rising edge-triggered cell FDCE clocked by cam_pclk  {rise@0.000ns fall@20.000ns period=40.000ns})
  Path Group:             cam_pclk
  Path Type:              Setup (Max at Slow Process Corner)
  Requirement:            40.000ns  (cam_pclk rise@40.000ns - cam_pclk rise@0.000ns)
  Data Path Delay:        15.635ns  (logic 2.929ns (18.734%)  route 12.706ns (81.266%))
  Logic Levels:           11  (CARRY4=2 LUT4=2 LUT5=3 LUT6=4)
  Clock Path Skew:        -0.129ns (DCD - SCD + CPR)
    Destination Clock Delay (DCD):    5.126ns = ( 45.126 - 40.000 ) 
    Source Clock Delay      (SCD):    5.675ns
    Clock Pessimism Removal (CPR):    0.420ns
  Clock Uncertainty:      0.035ns  ((TSJ^2 + TIJ^2)^1/2 + DJ) / 2 + PE
    Total System Jitter     (TSJ):    0.071ns
    Total Input Jitter      (TIJ):    0.000ns
    Discrete Jitter          (DJ):    0.000ns
    Phase Error              (PE):    0.000ns

    Location             Delay type                Incr(ns)  Path(ns)    Netlist Resource(s)
  -------------------------------------------------------------------    -------------------
                         (clock cam_pclk rise edge)
                                                      0.000     0.000 r  
    N1                                                0.000     0.000 r  pclk (IN)
                         net (fo=0)                   0.000     0.000    pclk
    N1                   IBUF (Prop_ibuf_I_O)         1.455     1.455 r  pclk_IBUF_inst/O
                         net (fo=1, routed)           2.488     3.943    pclk_IBUF
    BUFGCTRL_X0Y2        BUFG (Prop_bufg_I_O)         0.096     4.039 r  pclk_IBUF_BUFG_inst/O
                         net (fo=348, routed)         1.636     5.675    U_CAM_SET/U_CAM_CTRL/pclk_IBUF_BUFG
    SLICE_X58Y42         FDRE                                         r  U_CAM_SET/U_CAM_CTRL/pixelData_reg[13]/C
  -------------------------------------------------------------------    -------------------
    SLICE_X58Y42         FDRE (Prop_fdre_C_Q)         0.456     6.131 r  U_CAM_SET/U_CAM_CTRL/pixelData_reg[13]/Q
                         net (fo=19, routed)          2.300     8.431    U_CAM_SET/U_CAM_CTRL/pixelData_reg[15]_1[9]
    SLICE_X56Y35         LUT4 (Prop_lut4_I1_O)        0.152     8.583 r  U_CAM_SET/U_CAM_CTRL/delta_carry_i_21/O
                         net (fo=1, routed)           0.815     9.397    U_CAM_SET/U_CAM_CTRL/delta_carry_i_21_n_0
    SLICE_X54Y35         LUT6 (Prop_lut6_I3_O)        0.348     9.745 r  U_CAM_SET/U_CAM_CTRL/delta_carry_i_14/O
                         net (fo=2, routed)           0.861    10.607    U_CAM_SET/U_CAM_CTRL/delta_carry_i_14_n_0
    SLICE_X54Y36         LUT5 (Prop_lut5_I0_O)        0.124    10.731 r  U_CAM_SET/U_CAM_CTRL/delta_carry_i_10/O
                         net (fo=8, routed)           1.180    11.911    U_CAM_SET/U_CAM_CTRL/delta_carry_i_10_n_0
    SLICE_X54Y34         LUT5 (Prop_lut5_I1_O)        0.124    12.035 r  U_CAM_SET/U_CAM_CTRL/delta_carry_i_4/O
                         net (fo=3, routed)           0.731    12.765    U_CAM_SET/U_CAM_CTRL/max_val_ext[0]
    SLICE_X55Y34         LUT6 (Prop_lut6_I0_O)        0.124    12.889 r  U_CAM_SET/U_CAM_CTRL/delta_carry_i_8/O
                         net (fo=1, routed)           0.000    12.889    U_LED_SET/U_PIXEL_CLASS/red_cnt[0][13]_i_6[0]
    SLICE_X55Y34         CARRY4 (Prop_carry4_S[0]_O[2])
                                                      0.547    13.436 r  U_LED_SET/U_PIXEL_CLASS/delta_carry/O[2]
                         net (fo=5, routed)           1.033    14.470    U_CAM_SET/U_CAM_CTRL/O[2]
    SLICE_X56Y34         LUT4 (Prop_lut4_I3_O)        0.302    14.772 r  U_CAM_SET/U_CAM_CTRL/i__carry_i_5/O
                         net (fo=1, routed)           0.000    14.772    U_LED_SET/U_PIXEL_CLASS/green_cnt[0][13]_i_13_0[2]
    SLICE_X56Y34         CARRY4 (Prop_carry4_S[2]_CO[3])
                                                      0.380    15.152 r  U_LED_SET/U_PIXEL_CLASS/valid_s1_inferred__0/i__carry/CO[3]
                         net (fo=1, routed)           0.959    16.111    U_LED_SET/U_PIXEL_CLASS/valid_s111_in
    SLICE_X57Y34         LUT5 (Prop_lut5_I4_O)        0.124    16.235 f  U_LED_SET/U_PIXEL_CLASS/green_cnt[0][13]_i_13/O
                         net (fo=2, routed)           0.791    17.026    U_CAM_SET/U_CAM_CTRL/red_cnt_reg[0][0]_3
    SLICE_X57Y37         LUT6 (Prop_lut6_I0_O)        0.124    17.150 f  U_CAM_SET/U_CAM_CTRL/red_cnt[0][13]_i_5/O
                         net (fo=12, routed)          3.093    20.243    U_CAM_SET/U_CAM_CTRL/red_cnt[0][13]_i_5_n_0
    SLICE_X57Y54         LUT6 (Prop_lut6_I4_O)        0.124    20.367 r  U_CAM_SET/U_CAM_CTRL/red_cnt[4][13]_i_1/O
                         net (fo=14, routed)          0.943    21.310    U_LED_SET/U_ZONE_MONITOR/red_cnt_reg[4][0]_1[0]
    SLICE_X58Y56         FDCE                                         r  U_LED_SET/U_ZONE_MONITOR/red_cnt_reg[4][13]/CE
  -------------------------------------------------------------------    -------------------

                         (clock cam_pclk rise edge)
                                                     40.000    40.000 r  
    N1                                                0.000    40.000 r  pclk (IN)
                         net (fo=0)                   0.000    40.000    pclk
    N1                   IBUF (Prop_ibuf_I_O)         1.385    41.385 r  pclk_IBUF_inst/O
                         net (fo=1, routed)           2.143    43.527    pclk_IBUF
    BUFGCTRL_X0Y2        BUFG (Prop_bufg_I_O)         0.091    43.618 r  pclk_IBUF_BUFG_inst/O
                         net (fo=348, routed)         1.508    45.126    U_LED_SET/U_ZONE_MONITOR/CLK
    SLICE_X58Y56         FDCE                                         r  U_LED_SET/U_ZONE_MONITOR/red_cnt_reg[4][13]/C
                         clock pessimism              0.420    45.546    
                         clock uncertainty           -0.035    45.511    
    SLICE_X58Y56         FDCE (Setup_fdce_C_CE)      -0.205    45.306    U_LED_SET/U_ZONE_MONITOR/red_cnt_reg[4][13]
  -------------------------------------------------------------------
                         required time                         45.306    
                         arrival time                         -21.310    
  -------------------------------------------------------------------
                         slack                                 23.996    

Slack (MET) :             23.996ns  (required time - arrival time)
  Source:                 U_CAM_SET/U_CAM_CTRL/pixelData_reg[13]/C
                            (rising edge-triggered cell FDRE clocked by cam_pclk  {rise@0.000ns fall@20.000ns period=40.000ns})
  Destination:            U_LED_SET/U_ZONE_MONITOR/red_cnt_reg[4][6]/CE
                            (rising edge-triggered cell FDCE clocked by cam_pclk  {rise@0.000ns fall@20.000ns period=40.000ns})
  Path Group:             cam_pclk
  Path Type:              Setup (Max at Slow Process Corner)
  Requirement:            40.000ns  (cam_pclk rise@40.000ns - cam_pclk rise@0.000ns)
  Data Path Delay:        15.635ns  (logic 2.929ns (18.734%)  route 12.706ns (81.266%))
  Logic Levels:           11  (CARRY4=2 LUT4=2 LUT5=3 LUT6=4)
  Clock Path Skew:        -0.129ns (DCD - SCD + CPR)
    Destination Clock Delay (DCD):    5.126ns = ( 45.126 - 40.000 ) 
    Source Clock Delay      (SCD):    5.675ns
    Clock Pessimism Removal (CPR):    0.420ns
  Clock Uncertainty:      0.035ns  ((TSJ^2 + TIJ^2)^1/2 + DJ) / 2 + PE
    Total System Jitter     (TSJ):    0.071ns
    Total Input Jitter      (TIJ):    0.000ns
    Discrete Jitter          (DJ):    0.000ns
    Phase Error              (PE):    0.000ns

    Location             Delay type                Incr(ns)  Path(ns)    Netlist Resource(s)
  -------------------------------------------------------------------    -------------------
                         (clock cam_pclk rise edge)
                                                      0.000     0.000 r  
    N1                                                0.000     0.000 r  pclk (IN)
                         net (fo=0)                   0.000     0.000    pclk
    N1                   IBUF (Prop_ibuf_I_O)         1.455     1.455 r  pclk_IBUF_inst/O
                         net (fo=1, routed)           2.488     3.943    pclk_IBUF
    BUFGCTRL_X0Y2        BUFG (Prop_bufg_I_O)         0.096     4.039 r  pclk_IBUF_BUFG_inst/O
                         net (fo=348, routed)         1.636     5.675    U_CAM_SET/U_CAM_CTRL/pclk_IBUF_BUFG
    SLICE_X58Y42         FDRE                                         r  U_CAM_SET/U_CAM_CTRL/pixelData_reg[13]/C
  -------------------------------------------------------------------    -------------------
    SLICE_X58Y42         FDRE (Prop_fdre_C_Q)         0.456     6.131 r  U_CAM_SET/U_CAM_CTRL/pixelData_reg[13]/Q
                         net (fo=19, routed)          2.300     8.431    U_CAM_SET/U_CAM_CTRL/pixelData_reg[15]_1[9]
    SLICE_X56Y35         LUT4 (Prop_lut4_I1_O)        0.152     8.583 r  U_CAM_SET/U_CAM_CTRL/delta_carry_i_21/O
                         net (fo=1, routed)           0.815     9.397    U_CAM_SET/U_CAM_CTRL/delta_carry_i_21_n_0
    SLICE_X54Y35         LUT6 (Prop_lut6_I3_O)        0.348     9.745 r  U_CAM_SET/U_CAM_CTRL/delta_carry_i_14/O
                         net (fo=2, routed)           0.861    10.607    U_CAM_SET/U_CAM_CTRL/delta_carry_i_14_n_0
    SLICE_X54Y36         LUT5 (Prop_lut5_I0_O)        0.124    10.731 r  U_CAM_SET/U_CAM_CTRL/delta_carry_i_10/O
                         net (fo=8, routed)           1.180    11.911    U_CAM_SET/U_CAM_CTRL/delta_carry_i_10_n_0
    SLICE_X54Y34         LUT5 (Prop_lut5_I1_O)        0.124    12.035 r  U_CAM_SET/U_CAM_CTRL/delta_carry_i_4/O
                         net (fo=3, routed)           0.731    12.765    U_CAM_SET/U_CAM_CTRL/max_val_ext[0]
    SLICE_X55Y34         LUT6 (Prop_lut6_I0_O)        0.124    12.889 r  U_CAM_SET/U_CAM_CTRL/delta_carry_i_8/O
                         net (fo=1, routed)           0.000    12.889    U_LED_SET/U_PIXEL_CLASS/red_cnt[0][13]_i_6[0]
    SLICE_X55Y34         CARRY4 (Prop_carry4_S[0]_O[2])
                                                      0.547    13.436 r  U_LED_SET/U_PIXEL_CLASS/delta_carry/O[2]
                         net (fo=5, routed)           1.033    14.470    U_CAM_SET/U_CAM_CTRL/O[2]
    SLICE_X56Y34         LUT4 (Prop_lut4_I3_O)        0.302    14.772 r  U_CAM_SET/U_CAM_CTRL/i__carry_i_5/O
                         net (fo=1, routed)           0.000    14.772    U_LED_SET/U_PIXEL_CLASS/green_cnt[0][13]_i_13_0[2]
    SLICE_X56Y34         CARRY4 (Prop_carry4_S[2]_CO[3])
                                                      0.380    15.152 r  U_LED_SET/U_PIXEL_CLASS/valid_s1_inferred__0/i__carry/CO[3]
                         net (fo=1, routed)           0.959    16.111    U_LED_SET/U_PIXEL_CLASS/valid_s111_in
    SLICE_X57Y34         LUT5 (Prop_lut5_I4_O)        0.124    16.235 f  U_LED_SET/U_PIXEL_CLASS/green_cnt[0][13]_i_13/O
                         net (fo=2, routed)           0.791    17.026    U_CAM_SET/U_CAM_CTRL/red_cnt_reg[0][0]_3
    SLICE_X57Y37         LUT6 (Prop_lut6_I0_O)        0.124    17.150 f  U_CAM_SET/U_CAM_CTRL/red_cnt[0][13]_i_5/O
                         net (fo=12, routed)          3.093    20.243    U_CAM_SET/U_CAM_CTRL/red_cnt[0][13]_i_5_n_0
    SLICE_X57Y54         LUT6 (Prop_lut6_I4_O)        0.124    20.367 r  U_CAM_SET/U_CAM_CTRL/red_cnt[4][13]_i_1/O
                         net (fo=14, routed)          0.943    21.310    U_LED_SET/U_ZONE_MONITOR/red_cnt_reg[4][0]_1[0]
    SLICE_X58Y56         FDCE                                         r  U_LED_SET/U_ZONE_MONITOR/red_cnt_reg[4][6]/CE
  -------------------------------------------------------------------    -------------------

                         (clock cam_pclk rise edge)
                                                     40.000    40.000 r  
    N1                                                0.000    40.000 r  pclk (IN)
                         net (fo=0)                   0.000    40.000    pclk
    N1                   IBUF (Prop_ibuf_I_O)         1.385    41.385 r  pclk_IBUF_inst/O
                         net (fo=1, routed)           2.143    43.527    pclk_IBUF
    BUFGCTRL_X0Y2        BUFG (Prop_bufg_I_O)         0.091    43.618 r  pclk_IBUF_BUFG_inst/O
                         net (fo=348, routed)         1.508    45.126    U_LED_SET/U_ZONE_MONITOR/CLK
    SLICE_X58Y56         FDCE                                         r  U_LED_SET/U_ZONE_MONITOR/red_cnt_reg[4][6]/C
                         clock pessimism              0.420    45.546    
                         clock uncertainty           -0.035    45.511    
    SLICE_X58Y56         FDCE (Setup_fdce_C_CE)      -0.205    45.306    U_LED_SET/U_ZONE_MONITOR/red_cnt_reg[4][6]
  -------------------------------------------------------------------
                         required time                         45.306    
                         arrival time                         -21.310    
  -------------------------------------------------------------------
                         slack                                 23.996    

Slack (MET) :             23.996ns  (required time - arrival time)
  Source:                 U_CAM_SET/U_CAM_CTRL/pixelData_reg[13]/C
                            (rising edge-triggered cell FDRE clocked by cam_pclk  {rise@0.000ns fall@20.000ns period=40.000ns})
  Destination:            U_LED_SET/U_ZONE_MONITOR/red_cnt_reg[4][9]/CE
                            (rising edge-triggered cell FDCE clocked by cam_pclk  {rise@0.000ns fall@20.000ns period=40.000ns})
  Path Group:             cam_pclk
  Path Type:              Setup (Max at Slow Process Corner)
  Requirement:            40.000ns  (cam_pclk rise@40.000ns - cam_pclk rise@0.000ns)
  Data Path Delay:        15.635ns  (logic 2.929ns (18.734%)  route 12.706ns (81.266%))
  Logic Levels:           11  (CARRY4=2 LUT4=2 LUT5=3 LUT6=4)
  Clock Path Skew:        -0.129ns (DCD - SCD + CPR)
    Destination Clock Delay (DCD):    5.126ns = ( 45.126 - 40.000 ) 
    Source Clock Delay      (SCD):    5.675ns
    Clock Pessimism Removal (CPR):    0.420ns
  Clock Uncertainty:      0.035ns  ((TSJ^2 + TIJ^2)^1/2 + DJ) / 2 + PE
    Total System Jitter     (TSJ):    0.071ns
    Total Input Jitter      (TIJ):    0.000ns
    Discrete Jitter          (DJ):    0.000ns
    Phase Error              (PE):    0.000ns

    Location             Delay type                Incr(ns)  Path(ns)    Netlist Resource(s)
  -------------------------------------------------------------------    -------------------
                         (clock cam_pclk rise edge)
                                                      0.000     0.000 r  
    N1                                                0.000     0.000 r  pclk (IN)
                         net (fo=0)                   0.000     0.000    pclk
    N1                   IBUF (Prop_ibuf_I_O)         1.455     1.455 r  pclk_IBUF_inst/O
                         net (fo=1, routed)           2.488     3.943    pclk_IBUF
    BUFGCTRL_X0Y2        BUFG (Prop_bufg_I_O)         0.096     4.039 r  pclk_IBUF_BUFG_inst/O
                         net (fo=348, routed)         1.636     5.675    U_CAM_SET/U_CAM_CTRL/pclk_IBUF_BUFG
    SLICE_X58Y42         FDRE                                         r  U_CAM_SET/U_CAM_CTRL/pixelData_reg[13]/C
  -------------------------------------------------------------------    -------------------
    SLICE_X58Y42         FDRE (Prop_fdre_C_Q)         0.456     6.131 r  U_CAM_SET/U_CAM_CTRL/pixelData_reg[13]/Q
                         net (fo=19, routed)          2.300     8.431    U_CAM_SET/U_CAM_CTRL/pixelData_reg[15]_1[9]
    SLICE_X56Y35         LUT4 (Prop_lut4_I1_O)        0.152     8.583 r  U_CAM_SET/U_CAM_CTRL/delta_carry_i_21/O
                         net (fo=1, routed)           0.815     9.397    U_CAM_SET/U_CAM_CTRL/delta_carry_i_21_n_0
    SLICE_X54Y35         LUT6 (Prop_lut6_I3_O)        0.348     9.745 r  U_CAM_SET/U_CAM_CTRL/delta_carry_i_14/O
                         net (fo=2, routed)           0.861    10.607    U_CAM_SET/U_CAM_CTRL/delta_carry_i_14_n_0
    SLICE_X54Y36         LUT5 (Prop_lut5_I0_O)        0.124    10.731 r  U_CAM_SET/U_CAM_CTRL/delta_carry_i_10/O
                         net (fo=8, routed)           1.180    11.911    U_CAM_SET/U_CAM_CTRL/delta_carry_i_10_n_0
    SLICE_X54Y34         LUT5 (Prop_lut5_I1_O)        0.124    12.035 r  U_CAM_SET/U_CAM_CTRL/delta_carry_i_4/O
                         net (fo=3, routed)           0.731    12.765    U_CAM_SET/U_CAM_CTRL/max_val_ext[0]
    SLICE_X55Y34         LUT6 (Prop_lut6_I0_O)        0.124    12.889 r  U_CAM_SET/U_CAM_CTRL/delta_carry_i_8/O
                         net (fo=1, routed)           0.000    12.889    U_LED_SET/U_PIXEL_CLASS/red_cnt[0][13]_i_6[0]
    SLICE_X55Y34         CARRY4 (Prop_carry4_S[0]_O[2])
                                                      0.547    13.436 r  U_LED_SET/U_PIXEL_CLASS/delta_carry/O[2]
                         net (fo=5, routed)           1.033    14.470    U_CAM_SET/U_CAM_CTRL/O[2]
    SLICE_X56Y34         LUT4 (Prop_lut4_I3_O)        0.302    14.772 r  U_CAM_SET/U_CAM_CTRL/i__carry_i_5/O
                         net (fo=1, routed)           0.000    14.772    U_LED_SET/U_PIXEL_CLASS/green_cnt[0][13]_i_13_0[2]
    SLICE_X56Y34         CARRY4 (Prop_carry4_S[2]_CO[3])
                                                      0.380    15.152 r  U_LED_SET/U_PIXEL_CLASS/valid_s1_inferred__0/i__carry/CO[3]
                         net (fo=1, routed)           0.959    16.111    U_LED_SET/U_PIXEL_CLASS/valid_s111_in
    SLICE_X57Y34         LUT5 (Prop_lut5_I4_O)        0.124    16.235 f  U_LED_SET/U_PIXEL_CLASS/green_cnt[0][13]_i_13/O
                         net (fo=2, routed)           0.791    17.026    U_CAM_SET/U_CAM_CTRL/red_cnt_reg[0][0]_3
    SLICE_X57Y37         LUT6 (Prop_lut6_I0_O)        0.124    17.150 f  U_CAM_SET/U_CAM_CTRL/red_cnt[0][13]_i_5/O
                         net (fo=12, routed)          3.093    20.243    U_CAM_SET/U_CAM_CTRL/red_cnt[0][13]_i_5_n_0
    SLICE_X57Y54         LUT6 (Prop_lut6_I4_O)        0.124    20.367 r  U_CAM_SET/U_CAM_CTRL/red_cnt[4][13]_i_1/O
                         net (fo=14, routed)          0.943    21.310    U_LED_SET/U_ZONE_MONITOR/red_cnt_reg[4][0]_1[0]
    SLICE_X58Y56         FDCE                                         r  U_LED_SET/U_ZONE_MONITOR/red_cnt_reg[4][9]/CE
  -------------------------------------------------------------------    -------------------

                         (clock cam_pclk rise edge)
                                                     40.000    40.000 r  
    N1                                                0.000    40.000 r  pclk (IN)
                         net (fo=0)                   0.000    40.000    pclk
    N1                   IBUF (Prop_ibuf_I_O)         1.385    41.385 r  pclk_IBUF_inst/O
                         net (fo=1, routed)           2.143    43.527    pclk_IBUF
    BUFGCTRL_X0Y2        BUFG (Prop_bufg_I_O)         0.091    43.618 r  pclk_IBUF_BUFG_inst/O
                         net (fo=348, routed)         1.508    45.126    U_LED_SET/U_ZONE_MONITOR/CLK
    SLICE_X58Y56         FDCE                                         r  U_LED_SET/U_ZONE_MONITOR/red_cnt_reg[4][9]/C
                         clock pessimism              0.420    45.546    
                         clock uncertainty           -0.035    45.511    
    SLICE_X58Y56         FDCE (Setup_fdce_C_CE)      -0.205    45.306    U_LED_SET/U_ZONE_MONITOR/red_cnt_reg[4][9]
  -------------------------------------------------------------------
                         required time                         45.306    
                         arrival time                         -21.310    
  -------------------------------------------------------------------
                         slack                                 23.996    

Slack (MET) :             24.136ns  (required time - arrival time)
  Source:                 U_CAM_SET/U_CAM_CTRL/pixelData_reg[13]/C
                            (rising edge-triggered cell FDRE clocked by cam_pclk  {rise@0.000ns fall@20.000ns period=40.000ns})
  Destination:            U_LED_SET/U_ZONE_MONITOR/red_cnt_reg[4][4]/CE
                            (rising edge-triggered cell FDCE clocked by cam_pclk  {rise@0.000ns fall@20.000ns period=40.000ns})
  Path Group:             cam_pclk
  Path Type:              Setup (Max at Slow Process Corner)
  Requirement:            40.000ns  (cam_pclk rise@40.000ns - cam_pclk rise@0.000ns)
  Data Path Delay:        15.495ns  (logic 2.929ns (18.903%)  route 12.566ns (81.097%))
  Logic Levels:           11  (CARRY4=2 LUT4=2 LUT5=3 LUT6=4)
  Clock Path Skew:        -0.129ns (DCD - SCD + CPR)
    Destination Clock Delay (DCD):    5.126ns = ( 45.126 - 40.000 ) 
    Source Clock Delay      (SCD):    5.675ns
    Clock Pessimism Removal (CPR):    0.420ns
  Clock Uncertainty:      0.035ns  ((TSJ^2 + TIJ^2)^1/2 + DJ) / 2 + PE
    Total System Jitter     (TSJ):    0.071ns
    Total Input Jitter      (TIJ):    0.000ns
    Discrete Jitter          (DJ):    0.000ns
    Phase Error              (PE):    0.000ns

    Location             Delay type                Incr(ns)  Path(ns)    Netlist Resource(s)
  -------------------------------------------------------------------    -------------------
                         (clock cam_pclk rise edge)
                                                      0.000     0.000 r  
    N1                                                0.000     0.000 r  pclk (IN)
                         net (fo=0)                   0.000     0.000    pclk
    N1                   IBUF (Prop_ibuf_I_O)         1.455     1.455 r  pclk_IBUF_inst/O
                         net (fo=1, routed)           2.488     3.943    pclk_IBUF
    BUFGCTRL_X0Y2        BUFG (Prop_bufg_I_O)         0.096     4.039 r  pclk_IBUF_BUFG_inst/O
                         net (fo=348, routed)         1.636     5.675    U_CAM_SET/U_CAM_CTRL/pclk_IBUF_BUFG
    SLICE_X58Y42         FDRE                                         r  U_CAM_SET/U_CAM_CTRL/pixelData_reg[13]/C
  -------------------------------------------------------------------    -------------------
    SLICE_X58Y42         FDRE (Prop_fdre_C_Q)         0.456     6.131 r  U_CAM_SET/U_CAM_CTRL/pixelData_reg[13]/Q
                         net (fo=19, routed)          2.300     8.431    U_CAM_SET/U_CAM_CTRL/pixelData_reg[15]_1[9]
    SLICE_X56Y35         LUT4 (Prop_lut4_I1_O)        0.152     8.583 r  U_CAM_SET/U_CAM_CTRL/delta_carry_i_21/O
                         net (fo=1, routed)           0.815     9.397    U_CAM_SET/U_CAM_CTRL/delta_carry_i_21_n_0
    SLICE_X54Y35         LUT6 (Prop_lut6_I3_O)        0.348     9.745 r  U_CAM_SET/U_CAM_CTRL/delta_carry_i_14/O
                         net (fo=2, routed)           0.861    10.607    U_CAM_SET/U_CAM_CTRL/delta_carry_i_14_n_0
    SLICE_X54Y36         LUT5 (Prop_lut5_I0_O)        0.124    10.731 r  U_CAM_SET/U_CAM_CTRL/delta_carry_i_10/O
                         net (fo=8, routed)           1.180    11.911    U_CAM_SET/U_CAM_CTRL/delta_carry_i_10_n_0
    SLICE_X54Y34         LUT5 (Prop_lut5_I1_O)        0.124    12.035 r  U_CAM_SET/U_CAM_CTRL/delta_carry_i_4/O
                         net (fo=3, routed)           0.731    12.765    U_CAM_SET/U_CAM_CTRL/max_val_ext[0]
    SLICE_X55Y34         LUT6 (Prop_lut6_I0_O)        0.124    12.889 r  U_CAM_SET/U_CAM_CTRL/delta_carry_i_8/O
                         net (fo=1, routed)           0.000    12.889    U_LED_SET/U_PIXEL_CLASS/red_cnt[0][13]_i_6[0]
    SLICE_X55Y34         CARRY4 (Prop_carry4_S[0]_O[2])
                                                      0.547    13.436 r  U_LED_SET/U_PIXEL_CLASS/delta_carry/O[2]
                         net (fo=5, routed)           1.033    14.470    U_CAM_SET/U_CAM_CTRL/O[2]
    SLICE_X56Y34         LUT4 (Prop_lut4_I3_O)        0.302    14.772 r  U_CAM_SET/U_CAM_CTRL/i__carry_i_5/O
                         net (fo=1, routed)           0.000    14.772    U_LED_SET/U_PIXEL_CLASS/green_cnt[0][13]_i_13_0[2]
    SLICE_X56Y34         CARRY4 (Prop_carry4_S[2]_CO[3])
                                                      0.380    15.152 r  U_LED_SET/U_PIXEL_CLASS/valid_s1_inferred__0/i__carry/CO[3]
                         net (fo=1, routed)           0.959    16.111    U_LED_SET/U_PIXEL_CLASS/valid_s111_in
    SLICE_X57Y34         LUT5 (Prop_lut5_I4_O)        0.124    16.235 f  U_LED_SET/U_PIXEL_CLASS/green_cnt[0][13]_i_13/O
                         net (fo=2, routed)           0.791    17.026    U_CAM_SET/U_CAM_CTRL/red_cnt_reg[0][0]_3
    SLICE_X57Y37         LUT6 (Prop_lut6_I0_O)        0.124    17.150 f  U_CAM_SET/U_CAM_CTRL/red_cnt[0][13]_i_5/O
                         net (fo=12, routed)          3.093    20.243    U_CAM_SET/U_CAM_CTRL/red_cnt[0][13]_i_5_n_0
    SLICE_X57Y54         LUT6 (Prop_lut6_I4_O)        0.124    20.367 r  U_CAM_SET/U_CAM_CTRL/red_cnt[4][13]_i_1/O
                         net (fo=14, routed)          0.803    21.170    U_LED_SET/U_ZONE_MONITOR/red_cnt_reg[4][0]_1[0]
    SLICE_X58Y55         FDCE                                         r  U_LED_SET/U_ZONE_MONITOR/red_cnt_reg[4][4]/CE
  -------------------------------------------------------------------    -------------------

                         (clock cam_pclk rise edge)
                                                     40.000    40.000 r  
    N1                                                0.000    40.000 r  pclk (IN)
                         net (fo=0)                   0.000    40.000    pclk
    N1                   IBUF (Prop_ibuf_I_O)         1.385    41.385 r  pclk_IBUF_inst/O
                         net (fo=1, routed)           2.143    43.527    pclk_IBUF
    BUFGCTRL_X0Y2        BUFG (Prop_bufg_I_O)         0.091    43.618 r  pclk_IBUF_BUFG_inst/O
                         net (fo=348, routed)         1.508    45.126    U_LED_SET/U_ZONE_MONITOR/CLK
    SLICE_X58Y55         FDCE                                         r  U_LED_SET/U_ZONE_MONITOR/red_cnt_reg[4][4]/C
                         clock pessimism              0.420    45.546    
                         clock uncertainty           -0.035    45.511    
    SLICE_X58Y55         FDCE (Setup_fdce_C_CE)      -0.205    45.306    U_LED_SET/U_ZONE_MONITOR/red_cnt_reg[4][4]
  -------------------------------------------------------------------
                         required time                         45.306    
                         arrival time                         -21.170    
  -------------------------------------------------------------------
                         slack                                 24.136    

Slack (MET) :             24.136ns  (required time - arrival time)
  Source:                 U_CAM_SET/U_CAM_CTRL/pixelData_reg[13]/C
                            (rising edge-triggered cell FDRE clocked by cam_pclk  {rise@0.000ns fall@20.000ns period=40.000ns})
  Destination:            U_LED_SET/U_ZONE_MONITOR/red_cnt_reg[4][5]/CE
                            (rising edge-triggered cell FDCE clocked by cam_pclk  {rise@0.000ns fall@20.000ns period=40.000ns})
  Path Group:             cam_pclk
  Path Type:              Setup (Max at Slow Process Corner)
  Requirement:            40.000ns  (cam_pclk rise@40.000ns - cam_pclk rise@0.000ns)
  Data Path Delay:        15.495ns  (logic 2.929ns (18.903%)  route 12.566ns (81.097%))
  Logic Levels:           11  (CARRY4=2 LUT4=2 LUT5=3 LUT6=4)
  Clock Path Skew:        -0.129ns (DCD - SCD + CPR)
    Destination Clock Delay (DCD):    5.126ns = ( 45.126 - 40.000 ) 
    Source Clock Delay      (SCD):    5.675ns
    Clock Pessimism Removal (CPR):    0.420ns
  Clock Uncertainty:      0.035ns  ((TSJ^2 + TIJ^2)^1/2 + DJ) / 2 + PE
    Total System Jitter     (TSJ):    0.071ns
    Total Input Jitter      (TIJ):    0.000ns
    Discrete Jitter          (DJ):    0.000ns
    Phase Error              (PE):    0.000ns

    Location             Delay type                Incr(ns)  Path(ns)    Netlist Resource(s)
  -------------------------------------------------------------------    -------------------
                         (clock cam_pclk rise edge)
                                                      0.000     0.000 r  
    N1                                                0.000     0.000 r  pclk (IN)
                         net (fo=0)                   0.000     0.000    pclk
    N1                   IBUF (Prop_ibuf_I_O)         1.455     1.455 r  pclk_IBUF_inst/O
                         net (fo=1, routed)           2.488     3.943    pclk_IBUF
    BUFGCTRL_X0Y2        BUFG (Prop_bufg_I_O)         0.096     4.039 r  pclk_IBUF_BUFG_inst/O
                         net (fo=348, routed)         1.636     5.675    U_CAM_SET/U_CAM_CTRL/pclk_IBUF_BUFG
    SLICE_X58Y42         FDRE                                         r  U_CAM_SET/U_CAM_CTRL/pixelData_reg[13]/C
  -------------------------------------------------------------------    -------------------
    SLICE_X58Y42         FDRE (Prop_fdre_C_Q)         0.456     6.131 r  U_CAM_SET/U_CAM_CTRL/pixelData_reg[13]/Q
                         net (fo=19, routed)          2.300     8.431    U_CAM_SET/U_CAM_CTRL/pixelData_reg[15]_1[9]
    SLICE_X56Y35         LUT4 (Prop_lut4_I1_O)        0.152     8.583 r  U_CAM_SET/U_CAM_CTRL/delta_carry_i_21/O
                         net (fo=1, routed)           0.815     9.397    U_CAM_SET/U_CAM_CTRL/delta_carry_i_21_n_0
    SLICE_X54Y35         LUT6 (Prop_lut6_I3_O)        0.348     9.745 r  U_CAM_SET/U_CAM_CTRL/delta_carry_i_14/O
                         net (fo=2, routed)           0.861    10.607    U_CAM_SET/U_CAM_CTRL/delta_carry_i_14_n_0
    SLICE_X54Y36         LUT5 (Prop_lut5_I0_O)        0.124    10.731 r  U_CAM_SET/U_CAM_CTRL/delta_carry_i_10/O
                         net (fo=8, routed)           1.180    11.911    U_CAM_SET/U_CAM_CTRL/delta_carry_i_10_n_0
    SLICE_X54Y34         LUT5 (Prop_lut5_I1_O)        0.124    12.035 r  U_CAM_SET/U_CAM_CTRL/delta_carry_i_4/O
                         net (fo=3, routed)           0.731    12.765    U_CAM_SET/U_CAM_CTRL/max_val_ext[0]
    SLICE_X55Y34         LUT6 (Prop_lut6_I0_O)        0.124    12.889 r  U_CAM_SET/U_CAM_CTRL/delta_carry_i_8/O
                         net (fo=1, routed)           0.000    12.889    U_LED_SET/U_PIXEL_CLASS/red_cnt[0][13]_i_6[0]
    SLICE_X55Y34         CARRY4 (Prop_carry4_S[0]_O[2])
                                                      0.547    13.436 r  U_LED_SET/U_PIXEL_CLASS/delta_carry/O[2]
                         net (fo=5, routed)           1.033    14.470    U_CAM_SET/U_CAM_CTRL/O[2]
    SLICE_X56Y34         LUT4 (Prop_lut4_I3_O)        0.302    14.772 r  U_CAM_SET/U_CAM_CTRL/i__carry_i_5/O
                         net (fo=1, routed)           0.000    14.772    U_LED_SET/U_PIXEL_CLASS/green_cnt[0][13]_i_13_0[2]
    SLICE_X56Y34         CARRY4 (Prop_carry4_S[2]_CO[3])
                                                      0.380    15.152 r  U_LED_SET/U_PIXEL_CLASS/valid_s1_inferred__0/i__carry/CO[3]
                         net (fo=1, routed)           0.959    16.111    U_LED_SET/U_PIXEL_CLASS/valid_s111_in
    SLICE_X57Y34         LUT5 (Prop_lut5_I4_O)        0.124    16.235 f  U_LED_SET/U_PIXEL_CLASS/green_cnt[0][13]_i_13/O
                         net (fo=2, routed)           0.791    17.026    U_CAM_SET/U_CAM_CTRL/red_cnt_reg[0][0]_3
    SLICE_X57Y37         LUT6 (Prop_lut6_I0_O)        0.124    17.150 f  U_CAM_SET/U_CAM_CTRL/red_cnt[0][13]_i_5/O
                         net (fo=12, routed)          3.093    20.243    U_CAM_SET/U_CAM_CTRL/red_cnt[0][13]_i_5_n_0
    SLICE_X57Y54         LUT6 (Prop_lut6_I4_O)        0.124    20.367 r  U_CAM_SET/U_CAM_CTRL/red_cnt[4][13]_i_1/O
                         net (fo=14, routed)          0.803    21.170    U_LED_SET/U_ZONE_MONITOR/red_cnt_reg[4][0]_1[0]
    SLICE_X58Y55         FDCE                                         r  U_LED_SET/U_ZONE_MONITOR/red_cnt_reg[4][5]/CE
  -------------------------------------------------------------------    -------------------

                         (clock cam_pclk rise edge)
                                                     40.000    40.000 r  
    N1                                                0.000    40.000 r  pclk (IN)
                         net (fo=0)                   0.000    40.000    pclk
    N1                   IBUF (Prop_ibuf_I_O)         1.385    41.385 r  pclk_IBUF_inst/O
                         net (fo=1, routed)           2.143    43.527    pclk_IBUF
    BUFGCTRL_X0Y2        BUFG (Prop_bufg_I_O)         0.091    43.618 r  pclk_IBUF_BUFG_inst/O
                         net (fo=348, routed)         1.508    45.126    U_LED_SET/U_ZONE_MONITOR/CLK
    SLICE_X58Y55         FDCE                                         r  U_LED_SET/U_ZONE_MONITOR/red_cnt_reg[4][5]/C
                         clock pessimism              0.420    45.546    
                         clock uncertainty           -0.035    45.511    
    SLICE_X58Y55         FDCE (Setup_fdce_C_CE)      -0.205    45.306    U_LED_SET/U_ZONE_MONITOR/red_cnt_reg[4][5]
  -------------------------------------------------------------------
                         required time                         45.306    
                         arrival time                         -21.170    
  -------------------------------------------------------------------
                         slack                                 24.136    

Slack (MET) :             24.136ns  (required time - arrival time)
  Source:                 U_CAM_SET/U_CAM_CTRL/pixelData_reg[13]/C
                            (rising edge-triggered cell FDRE clocked by cam_pclk  {rise@0.000ns fall@20.000ns period=40.000ns})
  Destination:            U_LED_SET/U_ZONE_MONITOR/red_cnt_reg[4][7]/CE
                            (rising edge-triggered cell FDCE clocked by cam_pclk  {rise@0.000ns fall@20.000ns period=40.000ns})
  Path Group:             cam_pclk
  Path Type:              Setup (Max at Slow Process Corner)
  Requirement:            40.000ns  (cam_pclk rise@40.000ns - cam_pclk rise@0.000ns)
  Data Path Delay:        15.495ns  (logic 2.929ns (18.903%)  route 12.566ns (81.097%))
  Logic Levels:           11  (CARRY4=2 LUT4=2 LUT5=3 LUT6=4)
  Clock Path Skew:        -0.129ns (DCD - SCD + CPR)
    Destination Clock Delay (DCD):    5.126ns = ( 45.126 - 40.000 ) 
    Source Clock Delay      (SCD):    5.675ns
    Clock Pessimism Removal (CPR):    0.420ns
  Clock Uncertainty:      0.035ns  ((TSJ^2 + TIJ^2)^1/2 + DJ) / 2 + PE
    Total System Jitter     (TSJ):    0.071ns
    Total Input Jitter      (TIJ):    0.000ns
    Discrete Jitter          (DJ):    0.000ns
    Phase Error              (PE):    0.000ns

    Location             Delay type                Incr(ns)  Path(ns)    Netlist Resource(s)
  -------------------------------------------------------------------    -------------------
                         (clock cam_pclk rise edge)
                                                      0.000     0.000 r  
    N1                                                0.000     0.000 r  pclk (IN)
                         net (fo=0)                   0.000     0.000    pclk
    N1                   IBUF (Prop_ibuf_I_O)         1.455     1.455 r  pclk_IBUF_inst/O
                         net (fo=1, routed)           2.488     3.943    pclk_IBUF
    BUFGCTRL_X0Y2        BUFG (Prop_bufg_I_O)         0.096     4.039 r  pclk_IBUF_BUFG_inst/O
                         net (fo=348, routed)         1.636     5.675    U_CAM_SET/U_CAM_CTRL/pclk_IBUF_BUFG
    SLICE_X58Y42         FDRE                                         r  U_CAM_SET/U_CAM_CTRL/pixelData_reg[13]/C
  -------------------------------------------------------------------    -------------------
    SLICE_X58Y42         FDRE (Prop_fdre_C_Q)         0.456     6.131 r  U_CAM_SET/U_CAM_CTRL/pixelData_reg[13]/Q
                         net (fo=19, routed)          2.300     8.431    U_CAM_SET/U_CAM_CTRL/pixelData_reg[15]_1[9]
    SLICE_X56Y35         LUT4 (Prop_lut4_I1_O)        0.152     8.583 r  U_CAM_SET/U_CAM_CTRL/delta_carry_i_21/O
                         net (fo=1, routed)           0.815     9.397    U_CAM_SET/U_CAM_CTRL/delta_carry_i_21_n_0
    SLICE_X54Y35         LUT6 (Prop_lut6_I3_O)        0.348     9.745 r  U_CAM_SET/U_CAM_CTRL/delta_carry_i_14/O
                         net (fo=2, routed)           0.861    10.607    U_CAM_SET/U_CAM_CTRL/delta_carry_i_14_n_0
    SLICE_X54Y36         LUT5 (Prop_lut5_I0_O)        0.124    10.731 r  U_CAM_SET/U_CAM_CTRL/delta_carry_i_10/O
                         net (fo=8, routed)           1.180    11.911    U_CAM_SET/U_CAM_CTRL/delta_carry_i_10_n_0
    SLICE_X54Y34         LUT5 (Prop_lut5_I1_O)        0.124    12.035 r  U_CAM_SET/U_CAM_CTRL/delta_carry_i_4/O
                         net (fo=3, routed)           0.731    12.765    U_CAM_SET/U_CAM_CTRL/max_val_ext[0]
    SLICE_X55Y34         LUT6 (Prop_lut6_I0_O)        0.124    12.889 r  U_CAM_SET/U_CAM_CTRL/delta_carry_i_8/O
                         net (fo=1, routed)           0.000    12.889    U_LED_SET/U_PIXEL_CLASS/red_cnt[0][13]_i_6[0]
    SLICE_X55Y34         CARRY4 (Prop_carry4_S[0]_O[2])
                                                      0.547    13.436 r  U_LED_SET/U_PIXEL_CLASS/delta_carry/O[2]
                         net (fo=5, routed)           1.033    14.470    U_CAM_SET/U_CAM_CTRL/O[2]
    SLICE_X56Y34         LUT4 (Prop_lut4_I3_O)        0.302    14.772 r  U_CAM_SET/U_CAM_CTRL/i__carry_i_5/O
                         net (fo=1, routed)           0.000    14.772    U_LED_SET/U_PIXEL_CLASS/green_cnt[0][13]_i_13_0[2]
    SLICE_X56Y34         CARRY4 (Prop_carry4_S[2]_CO[3])
                                                      0.380    15.152 r  U_LED_SET/U_PIXEL_CLASS/valid_s1_inferred__0/i__carry/CO[3]
                         net (fo=1, routed)           0.959    16.111    U_LED_SET/U_PIXEL_CLASS/valid_s111_in
    SLICE_X57Y34         LUT5 (Prop_lut5_I4_O)        0.124    16.235 f  U_LED_SET/U_PIXEL_CLASS/green_cnt[0][13]_i_13/O
                         net (fo=2, routed)           0.791    17.026    U_CAM_SET/U_CAM_CTRL/red_cnt_reg[0][0]_3
    SLICE_X57Y37         LUT6 (Prop_lut6_I0_O)        0.124    17.150 f  U_CAM_SET/U_CAM_CTRL/red_cnt[0][13]_i_5/O
                         net (fo=12, routed)          3.093    20.243    U_CAM_SET/U_CAM_CTRL/red_cnt[0][13]_i_5_n_0
    SLICE_X57Y54         LUT6 (Prop_lut6_I4_O)        0.124    20.367 r  U_CAM_SET/U_CAM_CTRL/red_cnt[4][13]_i_1/O
                         net (fo=14, routed)          0.803    21.170    U_LED_SET/U_ZONE_MONITOR/red_cnt_reg[4][0]_1[0]
    SLICE_X58Y55         FDCE                                         r  U_LED_SET/U_ZONE_MONITOR/red_cnt_reg[4][7]/CE
  -------------------------------------------------------------------    -------------------

                         (clock cam_pclk rise edge)
                                                     40.000    40.000 r  
    N1                                                0.000    40.000 r  pclk (IN)
                         net (fo=0)                   0.000    40.000    pclk
    N1                   IBUF (Prop_ibuf_I_O)         1.385    41.385 r  pclk_IBUF_inst/O
                         net (fo=1, routed)           2.143    43.527    pclk_IBUF
    BUFGCTRL_X0Y2        BUFG (Prop_bufg_I_O)         0.091    43.618 r  pclk_IBUF_BUFG_inst/O
                         net (fo=348, routed)         1.508    45.126    U_LED_SET/U_ZONE_MONITOR/CLK
    SLICE_X58Y55         FDCE                                         r  U_LED_SET/U_ZONE_MONITOR/red_cnt_reg[4][7]/C
                         clock pessimism              0.420    45.546    
                         clock uncertainty           -0.035    45.511    
    SLICE_X58Y55         FDCE (Setup_fdce_C_CE)      -0.205    45.306    U_LED_SET/U_ZONE_MONITOR/red_cnt_reg[4][7]
  -------------------------------------------------------------------
                         required time                         45.306    
                         arrival time                         -21.170    
  -------------------------------------------------------------------
                         slack                                 24.136    





Min Delay Paths
--------------------------------------------------------------------------------------
Slack (MET) :             0.170ns  (arrival time - required time)
  Source:                 U_CAM_SET/U_CAM_CTRL/wAddr_reg[13]/C
                            (rising edge-triggered cell FDRE clocked by cam_pclk  {rise@0.000ns fall@20.000ns period=40.000ns})
  Destination:            U_CAM_SET/U_CAM_FRAMEBUFFER/mem_reg_0_10/ADDRARDADDR[13]
                            (rising edge-triggered cell RAMB36E1 clocked by cam_pclk  {rise@0.000ns fall@20.000ns period=40.000ns})
  Path Group:             cam_pclk
  Path Type:              Hold (Min at Fast Process Corner)
  Requirement:            0.000ns  (cam_pclk rise@0.000ns - cam_pclk rise@0.000ns)
  Data Path Delay:        0.637ns  (logic 0.141ns (22.122%)  route 0.496ns (77.878%))
  Logic Levels:           0  
  Clock Path Skew:        0.284ns (DCD - SCD - CPR)
    Destination Clock Delay (DCD):    2.513ns
    Source Clock Delay      (SCD):    1.875ns
    Clock Pessimism Removal (CPR):    0.354ns

    Location             Delay type                Incr(ns)  Path(ns)    Netlist Resource(s)
  -------------------------------------------------------------------    -------------------
                         (clock cam_pclk rise edge)
                                                      0.000     0.000 r  
    N1                                                0.000     0.000 r  pclk (IN)
                         net (fo=0)                   0.000     0.000    pclk
    N1                   IBUF (Prop_ibuf_I_O)         0.223     0.223 r  pclk_IBUF_inst/O
                         net (fo=1, routed)           1.034     1.257    pclk_IBUF
    BUFGCTRL_X0Y2        BUFG (Prop_bufg_I_O)         0.026     1.283 r  pclk_IBUF_BUFG_inst/O
                         net (fo=348, routed)         0.593     1.875    U_CAM_SET/U_CAM_CTRL/pclk_IBUF_BUFG
    SLICE_X59Y40         FDRE                                         r  U_CAM_SET/U_CAM_CTRL/wAddr_reg[13]/C
  -------------------------------------------------------------------    -------------------
    SLICE_X59Y40         FDRE (Prop_fdre_C_Q)         0.141     2.016 r  U_CAM_SET/U_CAM_CTRL/wAddr_reg[13]/Q
                         net (fo=25, routed)          0.496     2.513    U_CAM_SET/U_CAM_FRAMEBUFFER/Q[13]
    RAMB36_X2Y10         RAMB36E1                                     r  U_CAM_SET/U_CAM_FRAMEBUFFER/mem_reg_0_10/ADDRARDADDR[13]
  -------------------------------------------------------------------    -------------------

                         (clock cam_pclk rise edge)
                                                      0.000     0.000 r  
    N1                                                0.000     0.000 r  pclk (IN)
                         net (fo=0)                   0.000     0.000    pclk
    N1                   IBUF (Prop_ibuf_I_O)         0.411     0.411 r  pclk_IBUF_inst/O
                         net (fo=1, routed)           1.197     1.608    pclk_IBUF
    BUFGCTRL_X0Y2        BUFG (Prop_bufg_I_O)         0.029     1.637 r  pclk_IBUF_BUFG_inst/O
                         net (fo=348, routed)         0.877     2.513    U_CAM_SET/U_CAM_FRAMEBUFFER/pclk_IBUF_BUFG
    RAMB36_X2Y10         RAMB36E1                                     r  U_CAM_SET/U_CAM_FRAMEBUFFER/mem_reg_0_10/CLKARDCLK
                         clock pessimism             -0.354     2.160    
    RAMB36_X2Y10         RAMB36E1 (Hold_ramb36e1_CLKARDCLK_ADDRARDADDR[13])
                                                      0.183     2.343    U_CAM_SET/U_CAM_FRAMEBUFFER/mem_reg_0_10
  -------------------------------------------------------------------
                         required time                         -2.343    
                         arrival time                           2.513    
  -------------------------------------------------------------------
                         slack                                  0.170    

Slack (MET) :             0.186ns  (arrival time - required time)
  Source:                 U_CAM_SET/U_CAM_CTRL/wAddr_reg[2]_rep/C
                            (rising edge-triggered cell FDRE clocked by cam_pclk  {rise@0.000ns fall@20.000ns period=40.000ns})
  Destination:            U_CAM_SET/U_CAM_FRAMEBUFFER/mem_reg_0_12/ADDRARDADDR[2]
                            (rising edge-triggered cell RAMB36E1 clocked by cam_pclk  {rise@0.000ns fall@20.000ns period=40.000ns})
  Path Group:             cam_pclk
  Path Type:              Hold (Min at Fast Process Corner)
  Requirement:            0.000ns  (cam_pclk rise@0.000ns - cam_pclk rise@0.000ns)
  Data Path Delay:        0.422ns  (logic 0.141ns (33.427%)  route 0.281ns (66.573%))
  Logic Levels:           0  
  Clock Path Skew:        0.052ns (DCD - SCD - CPR)
    Destination Clock Delay (DCD):    2.514ns
    Source Clock Delay      (SCD):    1.873ns
    Clock Pessimism Removal (CPR):    0.588ns

    Location             Delay type                Incr(ns)  Path(ns)    Netlist Resource(s)
  -------------------------------------------------------------------    -------------------
                         (clock cam_pclk rise edge)
                                                      0.000     0.000 r  
    N1                                                0.000     0.000 r  pclk (IN)
                         net (fo=0)                   0.000     0.000    pclk
    N1                   IBUF (Prop_ibuf_I_O)         0.223     0.223 r  pclk_IBUF_inst/O
                         net (fo=1, routed)           1.034     1.257    pclk_IBUF
    BUFGCTRL_X0Y2        BUFG (Prop_bufg_I_O)         0.026     1.283 r  pclk_IBUF_BUFG_inst/O
                         net (fo=348, routed)         0.591     1.873    U_CAM_SET/U_CAM_CTRL/pclk_IBUF_BUFG
    SLICE_X58Y37         FDRE                                         r  U_CAM_SET/U_CAM_CTRL/wAddr_reg[2]_rep/C
  -------------------------------------------------------------------    -------------------
    SLICE_X58Y37         FDRE (Prop_fdre_C_Q)         0.141     2.014 r  U_CAM_SET/U_CAM_CTRL/wAddr_reg[2]_rep/Q
                         net (fo=12, routed)          0.281     2.295    U_CAM_SET/U_CAM_FRAMEBUFFER/ADDRARDADDR[2]
    RAMB36_X2Y7          RAMB36E1                                     r  U_CAM_SET/U_CAM_FRAMEBUFFER/mem_reg_0_12/ADDRARDADDR[2]
  -------------------------------------------------------------------    -------------------

                         (clock cam_pclk rise edge)
                                                      0.000     0.000 r  
    N1                                                0.000     0.000 r  pclk (IN)
                         net (fo=0)                   0.000     0.000    pclk
    N1                   IBUF (Prop_ibuf_I_O)         0.411     0.411 r  pclk_IBUF_inst/O
                         net (fo=1, routed)           1.197     1.608    pclk_IBUF
    BUFGCTRL_X0Y2        BUFG (Prop_bufg_I_O)         0.029     1.637 r  pclk_IBUF_BUFG_inst/O
                         net (fo=348, routed)         0.877     2.514    U_CAM_SET/U_CAM_FRAMEBUFFER/pclk_IBUF_BUFG
    RAMB36_X2Y7          RAMB36E1                                     r  U_CAM_SET/U_CAM_FRAMEBUFFER/mem_reg_0_12/CLKARDCLK
                         clock pessimism             -0.588     1.926    
    RAMB36_X2Y7          RAMB36E1 (Hold_ramb36e1_CLKARDCLK_ADDRARDADDR[2])
                                                      0.183     2.109    U_CAM_SET/U_CAM_FRAMEBUFFER/mem_reg_0_12
  -------------------------------------------------------------------
                         required time                         -2.109    
                         arrival time                           2.295    
  -------------------------------------------------------------------
                         slack                                  0.186    

Slack (MET) :             0.192ns  (arrival time - required time)
  Source:                 U_CAM_SET/U_CAM_CTRL/wAddr_reg[10]_rep/C
                            (rising edge-triggered cell FDRE clocked by cam_pclk  {rise@0.000ns fall@20.000ns period=40.000ns})
  Destination:            U_CAM_SET/U_CAM_FRAMEBUFFER/mem_reg_0_12/ADDRARDADDR[10]
                            (rising edge-triggered cell RAMB36E1 clocked by cam_pclk  {rise@0.000ns fall@20.000ns period=40.000ns})
  Path Group:             cam_pclk
  Path Type:              Hold (Min at Fast Process Corner)
  Requirement:            0.000ns  (cam_pclk rise@0.000ns - cam_pclk rise@0.000ns)
  Data Path Delay:        0.427ns  (logic 0.141ns (32.991%)  route 0.286ns (67.009%))
  Logic Levels:           0  
  Clock Path Skew:        0.052ns (DCD - SCD - CPR)
    Destination Clock Delay (DCD):    2.514ns
    Source Clock Delay      (SCD):    1.873ns
    Clock Pessimism Removal (CPR):    0.588ns

    Location             Delay type                Incr(ns)  Path(ns)    Netlist Resource(s)
  -------------------------------------------------------------------    -------------------
                         (clock cam_pclk rise edge)
                                                      0.000     0.000 r  
    N1                                                0.000     0.000 r  pclk (IN)
                         net (fo=0)                   0.000     0.000    pclk
    N1                   IBUF (Prop_ibuf_I_O)         0.223     0.223 r  pclk_IBUF_inst/O
                         net (fo=1, routed)           1.034     1.257    pclk_IBUF
    BUFGCTRL_X0Y2        BUFG (Prop_bufg_I_O)         0.026     1.283 r  pclk_IBUF_BUFG_inst/O
                         net (fo=348, routed)         0.591     1.873    U_CAM_SET/U_CAM_CTRL/pclk_IBUF_BUFG
    SLICE_X59Y37         FDRE                                         r  U_CAM_SET/U_CAM_CTRL/wAddr_reg[10]_rep/C
  -------------------------------------------------------------------    -------------------
    SLICE_X59Y37         FDRE (Prop_fdre_C_Q)         0.141     2.014 r  U_CAM_SET/U_CAM_CTRL/wAddr_reg[10]_rep/Q
                         net (fo=12, routed)          0.286     2.301    U_CAM_SET/U_CAM_FRAMEBUFFER/ADDRARDADDR[10]
    RAMB36_X2Y7          RAMB36E1                                     r  U_CAM_SET/U_CAM_FRAMEBUFFER/mem_reg_0_12/ADDRARDADDR[10]
  -------------------------------------------------------------------    -------------------

                         (clock cam_pclk rise edge)
                                                      0.000     0.000 r  
    N1                                                0.000     0.000 r  pclk (IN)
                         net (fo=0)                   0.000     0.000    pclk
    N1                   IBUF (Prop_ibuf_I_O)         0.411     0.411 r  pclk_IBUF_inst/O
                         net (fo=1, routed)           1.197     1.608    pclk_IBUF
    BUFGCTRL_X0Y2        BUFG (Prop_bufg_I_O)         0.029     1.637 r  pclk_IBUF_BUFG_inst/O
                         net (fo=348, routed)         0.877     2.514    U_CAM_SET/U_CAM_FRAMEBUFFER/pclk_IBUF_BUFG
    RAMB36_X2Y7          RAMB36E1                                     r  U_CAM_SET/U_CAM_FRAMEBUFFER/mem_reg_0_12/CLKARDCLK
                         clock pessimism             -0.588     1.926    
    RAMB36_X2Y7          RAMB36E1 (Hold_ramb36e1_CLKARDCLK_ADDRARDADDR[10])
                                                      0.183     2.109    U_CAM_SET/U_CAM_FRAMEBUFFER/mem_reg_0_12
  -------------------------------------------------------------------
                         required time                         -2.109    
                         arrival time                           2.301    
  -------------------------------------------------------------------
                         slack                                  0.192    

Slack (MET) :             0.194ns  (arrival time - required time)
  Source:                 U_CAM_SET/U_CAM_CTRL/wAddr_reg[6]_rep/C
                            (rising edge-triggered cell FDRE clocked by cam_pclk  {rise@0.000ns fall@20.000ns period=40.000ns})
  Destination:            U_CAM_SET/U_CAM_FRAMEBUFFER/mem_reg_0_12/ADDRARDADDR[6]
                            (rising edge-triggered cell RAMB36E1 clocked by cam_pclk  {rise@0.000ns fall@20.000ns period=40.000ns})
  Path Group:             cam_pclk
  Path Type:              Hold (Min at Fast Process Corner)
  Requirement:            0.000ns  (cam_pclk rise@0.000ns - cam_pclk rise@0.000ns)
  Data Path Delay:        0.428ns  (logic 0.141ns (32.906%)  route 0.287ns (67.094%))
  Logic Levels:           0  
  Clock Path Skew:        0.051ns (DCD - SCD - CPR)
    Destination Clock Delay (DCD):    2.514ns
    Source Clock Delay      (SCD):    1.874ns
    Clock Pessimism Removal (CPR):    0.588ns

    Location             Delay type                Incr(ns)  Path(ns)    Netlist Resource(s)
  -------------------------------------------------------------------    -------------------
                         (clock cam_pclk rise edge)
                                                      0.000     0.000 r  
    N1                                                0.000     0.000 r  pclk (IN)
                         net (fo=0)                   0.000     0.000    pclk
    N1                   IBUF (Prop_ibuf_I_O)         0.223     0.223 r  pclk_IBUF_inst/O
                         net (fo=1, routed)           1.034     1.257    pclk_IBUF
    BUFGCTRL_X0Y2        BUFG (Prop_bufg_I_O)         0.026     1.283 r  pclk_IBUF_BUFG_inst/O
                         net (fo=348, routed)         0.592     1.874    U_CAM_SET/U_CAM_CTRL/pclk_IBUF_BUFG
    SLICE_X58Y38         FDRE                                         r  U_CAM_SET/U_CAM_CTRL/wAddr_reg[6]_rep/C
  -------------------------------------------------------------------    -------------------
    SLICE_X58Y38         FDRE (Prop_fdre_C_Q)         0.141     2.015 r  U_CAM_SET/U_CAM_CTRL/wAddr_reg[6]_rep/Q
                         net (fo=12, routed)          0.287     2.303    U_CAM_SET/U_CAM_FRAMEBUFFER/ADDRARDADDR[6]
    RAMB36_X2Y7          RAMB36E1                                     r  U_CAM_SET/U_CAM_FRAMEBUFFER/mem_reg_0_12/ADDRARDADDR[6]
  -------------------------------------------------------------------    -------------------

                         (clock cam_pclk rise edge)
                                                      0.000     0.000 r  
    N1                                                0.000     0.000 r  pclk (IN)
                         net (fo=0)                   0.000     0.000    pclk
    N1                   IBUF (Prop_ibuf_I_O)         0.411     0.411 r  pclk_IBUF_inst/O
                         net (fo=1, routed)           1.197     1.608    pclk_IBUF
    BUFGCTRL_X0Y2        BUFG (Prop_bufg_I_O)         0.029     1.637 r  pclk_IBUF_BUFG_inst/O
                         net (fo=348, routed)         0.877     2.514    U_CAM_SET/U_CAM_FRAMEBUFFER/pclk_IBUF_BUFG
    RAMB36_X2Y7          RAMB36E1                                     r  U_CAM_SET/U_CAM_FRAMEBUFFER/mem_reg_0_12/CLKARDCLK
                         clock pessimism             -0.588     1.926    
    RAMB36_X2Y7          RAMB36E1 (Hold_ramb36e1_CLKARDCLK_ADDRARDADDR[6])
                                                      0.183     2.109    U_CAM_SET/U_CAM_FRAMEBUFFER/mem_reg_0_12
  -------------------------------------------------------------------
                         required time                         -2.109    
                         arrival time                           2.303    
  -------------------------------------------------------------------
                         slack                                  0.194    

Slack (MET) :             0.195ns  (arrival time - required time)
  Source:                 U_LED_SET/U_ZONE_MONITOR/py_reg[2]/C
                            (rising edge-triggered cell FDCE clocked by cam_pclk  {rise@0.000ns fall@20.000ns period=40.000ns})
  Destination:            U_LED_SET/U_ZONE_MONITOR/py_reg[4]/D
                            (rising edge-triggered cell FDCE clocked by cam_pclk  {rise@0.000ns fall@20.000ns period=40.000ns})
  Path Group:             cam_pclk
  Path Type:              Hold (Min at Fast Process Corner)
  Requirement:            0.000ns  (cam_pclk rise@0.000ns - cam_pclk rise@0.000ns)
  Data Path Delay:        0.332ns  (logic 0.186ns (56.041%)  route 0.146ns (43.959%))
  Logic Levels:           1  (LUT6=1)
  Clock Path Skew:        0.016ns (DCD - SCD - CPR)
    Destination Clock Delay (DCD):    2.501ns
    Source Clock Delay      (SCD):    1.877ns
    Clock Pessimism Removal (CPR):    0.608ns

    Location             Delay type                Incr(ns)  Path(ns)    Netlist Resource(s)
  -------------------------------------------------------------------    -------------------
                         (clock cam_pclk rise edge)
                                                      0.000     0.000 r  
    N1                                                0.000     0.000 r  pclk (IN)
                         net (fo=0)                   0.000     0.000    pclk
    N1                   IBUF (Prop_ibuf_I_O)         0.223     0.223 r  pclk_IBUF_inst/O
                         net (fo=1, routed)           1.034     1.257    pclk_IBUF
    BUFGCTRL_X0Y2        BUFG (Prop_bufg_I_O)         0.026     1.283 r  pclk_IBUF_BUFG_inst/O
                         net (fo=348, routed)         0.594     1.877    U_LED_SET/U_ZONE_MONITOR/CLK
    SLICE_X62Y50         FDCE                                         r  U_LED_SET/U_ZONE_MONITOR/py_reg[2]/C
  -------------------------------------------------------------------    -------------------
    SLICE_X62Y50         FDCE (Prop_fdce_C_Q)         0.141     2.018 r  U_LED_SET/U_ZONE_MONITOR/py_reg[2]/Q
                         net (fo=11, routed)          0.146     2.163    U_LED_SET/U_ZONE_MONITOR/py_reg_n_0_[2]
    SLICE_X64Y50         LUT6 (Prop_lut6_I1_O)        0.045     2.208 r  U_LED_SET/U_ZONE_MONITOR/py[4]_i_1/O
                         net (fo=1, routed)           0.000     2.208    U_LED_SET/U_ZONE_MONITOR/py[4]_i_1_n_0
    SLICE_X64Y50         FDCE                                         r  U_LED_SET/U_ZONE_MONITOR/py_reg[4]/D
  -------------------------------------------------------------------    -------------------

                         (clock cam_pclk rise edge)
                                                      0.000     0.000 r  
    N1                                                0.000     0.000 r  pclk (IN)
                         net (fo=0)                   0.000     0.000    pclk
    N1                   IBUF (Prop_ibuf_I_O)         0.411     0.411 r  pclk_IBUF_inst/O
                         net (fo=1, routed)           1.197     1.608    pclk_IBUF
    BUFGCTRL_X0Y2        BUFG (Prop_bufg_I_O)         0.029     1.637 r  pclk_IBUF_BUFG_inst/O
                         net (fo=348, routed)         0.864     2.501    U_LED_SET/U_ZONE_MONITOR/CLK
    SLICE_X64Y50         FDCE                                         r  U_LED_SET/U_ZONE_MONITOR/py_reg[4]/C
                         clock pessimism             -0.608     1.893    
    SLICE_X64Y50         FDCE (Hold_fdce_C_D)         0.121     2.014    U_LED_SET/U_ZONE_MONITOR/py_reg[4]
  -------------------------------------------------------------------
                         required time                         -2.014    
                         arrival time                           2.208    
  -------------------------------------------------------------------
                         slack                                  0.195    

Slack (MET) :             0.195ns  (arrival time - required time)
  Source:                 U_LED_SET/U_ZONE_MONITOR/py_reg[2]/C
                            (rising edge-triggered cell FDCE clocked by cam_pclk  {rise@0.000ns fall@20.000ns period=40.000ns})
  Destination:            U_LED_SET/U_ZONE_MONITOR/py_reg[5]/D
                            (rising edge-triggered cell FDCE clocked by cam_pclk  {rise@0.000ns fall@20.000ns period=40.000ns})
  Path Group:             cam_pclk
  Path Type:              Hold (Min at Fast Process Corner)
  Requirement:            0.000ns  (cam_pclk rise@0.000ns - cam_pclk rise@0.000ns)
  Data Path Delay:        0.332ns  (logic 0.186ns (56.041%)  route 0.146ns (43.959%))
  Logic Levels:           1  (LUT6=1)
  Clock Path Skew:        0.016ns (DCD - SCD - CPR)
    Destination Clock Delay (DCD):    2.501ns
    Source Clock Delay      (SCD):    1.877ns
    Clock Pessimism Removal (CPR):    0.608ns

    Location             Delay type                Incr(ns)  Path(ns)    Netlist Resource(s)
  -------------------------------------------------------------------    -------------------
                         (clock cam_pclk rise edge)
                                                      0.000     0.000 r  
    N1                                                0.000     0.000 r  pclk (IN)
                         net (fo=0)                   0.000     0.000    pclk
    N1                   IBUF (Prop_ibuf_I_O)         0.223     0.223 r  pclk_IBUF_inst/O
                         net (fo=1, routed)           1.034     1.257    pclk_IBUF
    BUFGCTRL_X0Y2        BUFG (Prop_bufg_I_O)         0.026     1.283 r  pclk_IBUF_BUFG_inst/O
                         net (fo=348, routed)         0.594     1.877    U_LED_SET/U_ZONE_MONITOR/CLK
    SLICE_X62Y50         FDCE                                         r  U_LED_SET/U_ZONE_MONITOR/py_reg[2]/C
  -------------------------------------------------------------------    -------------------
    SLICE_X62Y50         FDCE (Prop_fdce_C_Q)         0.141     2.018 r  U_LED_SET/U_ZONE_MONITOR/py_reg[2]/Q
                         net (fo=11, routed)          0.146     2.163    U_LED_SET/U_ZONE_MONITOR/py_reg_n_0_[2]
    SLICE_X64Y50         LUT6 (Prop_lut6_I3_O)        0.045     2.208 r  U_LED_SET/U_ZONE_MONITOR/py[5]_i_1/O
                         net (fo=1, routed)           0.000     2.208    U_LED_SET/U_ZONE_MONITOR/py[5]_i_1_n_0
    SLICE_X64Y50         FDCE                                         r  U_LED_SET/U_ZONE_MONITOR/py_reg[5]/D
  -------------------------------------------------------------------    -------------------

                         (clock cam_pclk rise edge)
                                                      0.000     0.000 r  
    N1                                                0.000     0.000 r  pclk (IN)
                         net (fo=0)                   0.000     0.000    pclk
    N1                   IBUF (Prop_ibuf_I_O)         0.411     0.411 r  pclk_IBUF_inst/O
                         net (fo=1, routed)           1.197     1.608    pclk_IBUF
    BUFGCTRL_X0Y2        BUFG (Prop_bufg_I_O)         0.029     1.637 r  pclk_IBUF_BUFG_inst/O
                         net (fo=348, routed)         0.864     2.501    U_LED_SET/U_ZONE_MONITOR/CLK
    SLICE_X64Y50         FDCE                                         r  U_LED_SET/U_ZONE_MONITOR/py_reg[5]/C
                         clock pessimism             -0.608     1.893    
    SLICE_X64Y50         FDCE (Hold_fdce_C_D)         0.121     2.014    U_LED_SET/U_ZONE_MONITOR/py_reg[5]
  -------------------------------------------------------------------
                         required time                         -2.014    
                         arrival time                           2.208    
  -------------------------------------------------------------------
                         slack                                  0.195    

Slack (MET) :             0.201ns  (arrival time - required time)
  Source:                 U_CAM_SET/U_CAM_CTRL/nextAddr_reg[12]/C
                            (rising edge-triggered cell FDRE clocked by cam_pclk  {rise@0.000ns fall@20.000ns period=40.000ns})
  Destination:            U_CAM_SET/U_CAM_CTRL/wAddr_reg[12]_rep/D
                            (rising edge-triggered cell FDRE clocked by cam_pclk  {rise@0.000ns fall@20.000ns period=40.000ns})
  Path Group:             cam_pclk
  Path Type:              Hold (Min at Fast Process Corner)
  Requirement:            0.000ns  (cam_pclk rise@0.000ns - cam_pclk rise@0.000ns)
  Data Path Delay:        0.288ns  (logic 0.164ns (56.865%)  route 0.124ns (43.135%))
  Logic Levels:           0  
  Clock Path Skew:        0.016ns (DCD - SCD - CPR)
    Destination Clock Delay (DCD):    2.498ns
    Source Clock Delay      (SCD):    1.874ns
    Clock Pessimism Removal (CPR):    0.608ns

    Location             Delay type                Incr(ns)  Path(ns)    Netlist Resource(s)
  -------------------------------------------------------------------    -------------------
                         (clock cam_pclk rise edge)
                                                      0.000     0.000 r  
    N1                                                0.000     0.000 r  pclk (IN)
                         net (fo=0)                   0.000     0.000    pclk
    N1                   IBUF (Prop_ibuf_I_O)         0.223     0.223 r  pclk_IBUF_inst/O
                         net (fo=1, routed)           1.034     1.257    pclk_IBUF
    BUFGCTRL_X0Y2        BUFG (Prop_bufg_I_O)         0.026     1.283 r  pclk_IBUF_BUFG_inst/O
                         net (fo=348, routed)         0.592     1.874    U_CAM_SET/U_CAM_CTRL/pclk_IBUF_BUFG
    SLICE_X60Y39         FDRE                                         r  U_CAM_SET/U_CAM_CTRL/nextAddr_reg[12]/C
  -------------------------------------------------------------------    -------------------
    SLICE_X60Y39         FDRE (Prop_fdre_C_Q)         0.164     2.038 r  U_CAM_SET/U_CAM_CTRL/nextAddr_reg[12]/Q
                         net (fo=4, routed)           0.124     2.163    U_CAM_SET/U_CAM_CTRL/nextAddr[12]
    SLICE_X59Y39         FDRE                                         r  U_CAM_SET/U_CAM_CTRL/wAddr_reg[12]_rep/D
  -------------------------------------------------------------------    -------------------

                         (clock cam_pclk rise edge)
                                                      0.000     0.000 r  
    N1                                                0.000     0.000 r  pclk (IN)
                         net (fo=0)                   0.000     0.000    pclk
    N1                   IBUF (Prop_ibuf_I_O)         0.411     0.411 r  pclk_IBUF_inst/O
                         net (fo=1, routed)           1.197     1.608    pclk_IBUF
    BUFGCTRL_X0Y2        BUFG (Prop_bufg_I_O)         0.029     1.637 r  pclk_IBUF_BUFG_inst/O
                         net (fo=348, routed)         0.862     2.498    U_CAM_SET/U_CAM_CTRL/pclk_IBUF_BUFG
    SLICE_X59Y39         FDRE                                         r  U_CAM_SET/U_CAM_CTRL/wAddr_reg[12]_rep/C
                         clock pessimism             -0.608     1.890    
    SLICE_X59Y39         FDRE (Hold_fdre_C_D)         0.071     1.961    U_CAM_SET/U_CAM_CTRL/wAddr_reg[12]_rep
  -------------------------------------------------------------------
                         required time                         -1.961    
                         arrival time                           2.163    
  -------------------------------------------------------------------
                         slack                                  0.201    

Slack (MET) :             0.203ns  (arrival time - required time)
  Source:                 U_CAM_SET/U_CAM_CTRL/nextAddr_reg[7]/C
                            (rising edge-triggered cell FDRE clocked by cam_pclk  {rise@0.000ns fall@20.000ns period=40.000ns})
  Destination:            U_CAM_SET/U_CAM_CTRL/wAddr_reg[7]_rep/D
                            (rising edge-triggered cell FDRE clocked by cam_pclk  {rise@0.000ns fall@20.000ns period=40.000ns})
  Path Group:             cam_pclk
  Path Type:              Hold (Min at Fast Process Corner)
  Requirement:            0.000ns  (cam_pclk rise@0.000ns - cam_pclk rise@0.000ns)
  Data Path Delay:        0.289ns  (logic 0.164ns (56.681%)  route 0.125ns (43.319%))
  Logic Levels:           0  
  Clock Path Skew:        0.016ns (DCD - SCD - CPR)
    Destination Clock Delay (DCD):    2.498ns
    Source Clock Delay      (SCD):    1.874ns
    Clock Pessimism Removal (CPR):    0.608ns

    Location             Delay type                Incr(ns)  Path(ns)    Netlist Resource(s)
  -------------------------------------------------------------------    -------------------
                         (clock cam_pclk rise edge)
                                                      0.000     0.000 r  
    N1                                                0.000     0.000 r  pclk (IN)
                         net (fo=0)                   0.000     0.000    pclk
    N1                   IBUF (Prop_ibuf_I_O)         0.223     0.223 r  pclk_IBUF_inst/O
                         net (fo=1, routed)           1.034     1.257    pclk_IBUF
    BUFGCTRL_X0Y2        BUFG (Prop_bufg_I_O)         0.026     1.283 r  pclk_IBUF_BUFG_inst/O
                         net (fo=348, routed)         0.592     1.874    U_CAM_SET/U_CAM_CTRL/pclk_IBUF_BUFG
    SLICE_X60Y38         FDRE                                         r  U_CAM_SET/U_CAM_CTRL/nextAddr_reg[7]/C
  -------------------------------------------------------------------    -------------------
    SLICE_X60Y38         FDRE (Prop_fdre_C_Q)         0.164     2.038 r  U_CAM_SET/U_CAM_CTRL/nextAddr_reg[7]/Q
                         net (fo=4, routed)           0.125     2.164    U_CAM_SET/U_CAM_CTRL/nextAddr[7]
    SLICE_X58Y38         FDRE                                         r  U_CAM_SET/U_CAM_CTRL/wAddr_reg[7]_rep/D
  -------------------------------------------------------------------    -------------------

                         (clock cam_pclk rise edge)
                                                      0.000     0.000 r  
    N1                                                0.000     0.000 r  pclk (IN)
                         net (fo=0)                   0.000     0.000    pclk
    N1                   IBUF (Prop_ibuf_I_O)         0.411     0.411 r  pclk_IBUF_inst/O
                         net (fo=1, routed)           1.197     1.608    pclk_IBUF
    BUFGCTRL_X0Y2        BUFG (Prop_bufg_I_O)         0.029     1.637 r  pclk_IBUF_BUFG_inst/O
                         net (fo=348, routed)         0.862     2.498    U_CAM_SET/U_CAM_CTRL/pclk_IBUF_BUFG
    SLICE_X58Y38         FDRE                                         r  U_CAM_SET/U_CAM_CTRL/wAddr_reg[7]_rep/C
                         clock pessimism             -0.608     1.890    
    SLICE_X58Y38         FDRE (Hold_fdre_C_D)         0.070     1.960    U_CAM_SET/U_CAM_CTRL/wAddr_reg[7]_rep
  -------------------------------------------------------------------
                         required time                         -1.960    
                         arrival time                           2.164    
  -------------------------------------------------------------------
                         slack                                  0.203    

Slack (MET) :             0.205ns  (arrival time - required time)
  Source:                 U_CAM_SET/U_CAM_CTRL/nextAddr_reg[16]/C
                            (rising edge-triggered cell FDRE clocked by cam_pclk  {rise@0.000ns fall@20.000ns period=40.000ns})
  Destination:            U_CAM_SET/U_CAM_CTRL/wAddr_reg[16]/D
                            (rising edge-triggered cell FDRE clocked by cam_pclk  {rise@0.000ns fall@20.000ns period=40.000ns})
  Path Group:             cam_pclk
  Path Type:              Hold (Min at Fast Process Corner)
  Requirement:            0.000ns  (cam_pclk rise@0.000ns - cam_pclk rise@0.000ns)
  Data Path Delay:        0.287ns  (logic 0.164ns (57.082%)  route 0.123ns (42.918%))
  Logic Levels:           0  
  Clock Path Skew:        0.016ns (DCD - SCD - CPR)
    Destination Clock Delay (DCD):    2.499ns
    Source Clock Delay      (SCD):    1.875ns
    Clock Pessimism Removal (CPR):    0.608ns

    Location             Delay type                Incr(ns)  Path(ns)    Netlist Resource(s)
  -------------------------------------------------------------------    -------------------
                         (clock cam_pclk rise edge)
                                                      0.000     0.000 r  
    N1                                                0.000     0.000 r  pclk (IN)
                         net (fo=0)                   0.000     0.000    pclk
    N1                   IBUF (Prop_ibuf_I_O)         0.223     0.223 r  pclk_IBUF_inst/O
                         net (fo=1, routed)           1.034     1.257    pclk_IBUF
    BUFGCTRL_X0Y2        BUFG (Prop_bufg_I_O)         0.026     1.283 r  pclk_IBUF_BUFG_inst/O
                         net (fo=348, routed)         0.593     1.875    U_CAM_SET/U_CAM_CTRL/pclk_IBUF_BUFG
    SLICE_X60Y40         FDRE                                         r  U_CAM_SET/U_CAM_CTRL/nextAddr_reg[16]/C
  -------------------------------------------------------------------    -------------------
    SLICE_X60Y40         FDRE (Prop_fdre_C_Q)         0.164     2.039 r  U_CAM_SET/U_CAM_CTRL/nextAddr_reg[16]/Q
                         net (fo=3, routed)           0.123     2.163    U_CAM_SET/U_CAM_CTRL/nextAddr[16]
    SLICE_X59Y40         FDRE                                         r  U_CAM_SET/U_CAM_CTRL/wAddr_reg[16]/D
  -------------------------------------------------------------------    -------------------

                         (clock cam_pclk rise edge)
                                                      0.000     0.000 r  
    N1                                                0.000     0.000 r  pclk (IN)
                         net (fo=0)                   0.000     0.000    pclk
    N1                   IBUF (Prop_ibuf_I_O)         0.411     0.411 r  pclk_IBUF_inst/O
                         net (fo=1, routed)           1.197     1.608    pclk_IBUF
    BUFGCTRL_X0Y2        BUFG (Prop_bufg_I_O)         0.029     1.637 r  pclk_IBUF_BUFG_inst/O
                         net (fo=348, routed)         0.863     2.499    U_CAM_SET/U_CAM_CTRL/pclk_IBUF_BUFG
    SLICE_X59Y40         FDRE                                         r  U_CAM_SET/U_CAM_CTRL/wAddr_reg[16]/C
                         clock pessimism             -0.608     1.891    
    SLICE_X59Y40         FDRE (Hold_fdre_C_D)         0.066     1.957    U_CAM_SET/U_CAM_CTRL/wAddr_reg[16]
  -------------------------------------------------------------------
                         required time                         -1.957    
                         arrival time                           2.163    
  -------------------------------------------------------------------
                         slack                                  0.205    

Slack (MET) :             0.206ns  (arrival time - required time)
  Source:                 U_CAM_SET/U_CAM_CTRL/nextAddr_reg[13]/C
                            (rising edge-triggered cell FDRE clocked by cam_pclk  {rise@0.000ns fall@20.000ns period=40.000ns})
  Destination:            U_CAM_SET/U_CAM_CTRL/wAddr_reg[13]_rep/D
                            (rising edge-triggered cell FDRE clocked by cam_pclk  {rise@0.000ns fall@20.000ns period=40.000ns})
  Path Group:             cam_pclk
  Path Type:              Hold (Min at Fast Process Corner)
  Requirement:            0.000ns  (cam_pclk rise@0.000ns - cam_pclk rise@0.000ns)
  Data Path Delay:        0.292ns  (logic 0.164ns (56.190%)  route 0.128ns (43.810%))
  Logic Levels:           0  
  Clock Path Skew:        0.016ns (DCD - SCD - CPR)
    Destination Clock Delay (DCD):    2.499ns
    Source Clock Delay      (SCD):    1.875ns
    Clock Pessimism Removal (CPR):    0.608ns

    Location             Delay type                Incr(ns)  Path(ns)    Netlist Resource(s)
  -------------------------------------------------------------------    -------------------
                         (clock cam_pclk rise edge)
                                                      0.000     0.000 r  
    N1                                                0.000     0.000 r  pclk (IN)
                         net (fo=0)                   0.000     0.000    pclk
    N1                   IBUF (Prop_ibuf_I_O)         0.223     0.223 r  pclk_IBUF_inst/O
                         net (fo=1, routed)           1.034     1.257    pclk_IBUF
    BUFGCTRL_X0Y2        BUFG (Prop_bufg_I_O)         0.026     1.283 r  pclk_IBUF_BUFG_inst/O
                         net (fo=348, routed)         0.593     1.875    U_CAM_SET/U_CAM_CTRL/pclk_IBUF_BUFG
    SLICE_X60Y40         FDRE                                         r  U_CAM_SET/U_CAM_CTRL/nextAddr_reg[13]/C
  -------------------------------------------------------------------    -------------------
    SLICE_X60Y40         FDRE (Prop_fdre_C_Q)         0.164     2.039 r  U_CAM_SET/U_CAM_CTRL/nextAddr_reg[13]/Q
                         net (fo=4, routed)           0.128     2.167    U_CAM_SET/U_CAM_CTRL/nextAddr[13]
    SLICE_X58Y40         FDRE                                         r  U_CAM_SET/U_CAM_CTRL/wAddr_reg[13]_rep/D
  -------------------------------------------------------------------    -------------------

                         (clock cam_pclk rise edge)
                                                      0.000     0.000 r  
    N1                                                0.000     0.000 r  pclk (IN)
                         net (fo=0)                   0.000     0.000    pclk
    N1                   IBUF (Prop_ibuf_I_O)         0.411     0.411 r  pclk_IBUF_inst/O
                         net (fo=1, routed)           1.197     1.608    pclk_IBUF
    BUFGCTRL_X0Y2        BUFG (Prop_bufg_I_O)         0.029     1.637 r  pclk_IBUF_BUFG_inst/O
                         net (fo=348, routed)         0.863     2.499    U_CAM_SET/U_CAM_CTRL/pclk_IBUF_BUFG
    SLICE_X58Y40         FDRE                                         r  U_CAM_SET/U_CAM_CTRL/wAddr_reg[13]_rep/C
                         clock pessimism             -0.608     1.891    
    SLICE_X58Y40         FDRE (Hold_fdre_C_D)         0.070     1.961    U_CAM_SET/U_CAM_CTRL/wAddr_reg[13]_rep
  -------------------------------------------------------------------
                         required time                         -1.961    
                         arrival time                           2.167    
  -------------------------------------------------------------------
                         slack                                  0.206    





Pulse Width Checks
--------------------------------------------------------------------------------------
Clock Name:         cam_pclk
Waveform(ns):       { 0.000 20.000 }
Period(ns):         40.000
Sources:            { pclk }

Check Type        Corner  Lib Pin             Reference Pin  Required(ns)  Actual(ns)  Slack(ns)  Location      Pin
Min Period        n/a     RAMB36E1/CLKARDCLK  n/a            2.892         40.000      37.108     RAMB36_X0Y6   U_CAM_SET/U_CAM_FRAMEBUFFER/mem_reg_0_3/CLKARDCLK
Min Period        n/a     RAMB36E1/CLKARDCLK  n/a            2.892         40.000      37.108     RAMB36_X2Y8   U_CAM_SET/U_CAM_FRAMEBUFFER/mem_reg_1_12/CLKARDCLK
Min Period        n/a     RAMB36E1/CLKARDCLK  n/a            2.892         40.000      37.108     RAMB36_X1Y10  U_CAM_SET/U_CAM_FRAMEBUFFER/mem_reg_0_4/CLKARDCLK
Min Period        n/a     RAMB36E1/CLKARDCLK  n/a            2.892         40.000      37.108     RAMB36_X1Y6   U_CAM_SET/U_CAM_FRAMEBUFFER/mem_reg_1_2/CLKARDCLK
Min Period        n/a     RAMB36E1/CLKARDCLK  n/a            2.892         40.000      37.108     RAMB36_X0Y1   U_CAM_SET/U_CAM_FRAMEBUFFER/mem_reg_1_8/CLKARDCLK
Min Period        n/a     RAMB36E1/CLKARDCLK  n/a            2.892         40.000      37.108     RAMB36_X0Y2   U_CAM_SET/U_CAM_FRAMEBUFFER/mem_reg_0_7/CLKARDCLK
Min Period        n/a     RAMB36E1/CLKARDCLK  n/a            2.892         40.000      37.108     RAMB36_X0Y5   U_CAM_SET/U_CAM_FRAMEBUFFER/mem_reg_1_13/CLKARDCLK
Min Period        n/a     RAMB36E1/CLKARDCLK  n/a            2.892         40.000      37.108     RAMB36_X0Y0   U_CAM_SET/U_CAM_FRAMEBUFFER/mem_reg_0_8/CLKARDCLK
Min Period        n/a     RAMB36E1/CLKARDCLK  n/a            2.892         40.000      37.108     RAMB36_X0Y7   U_CAM_SET/U_CAM_FRAMEBUFFER/mem_reg_1_3/CLKARDCLK
Min Period        n/a     RAMB36E1/CLKARDCLK  n/a            2.892         40.000      37.108     RAMB36_X0Y9   U_CAM_SET/U_CAM_FRAMEBUFFER/mem_reg_1_9/CLKARDCLK
Low Pulse Width   Fast    FDCE/C              n/a            0.500         20.000      19.500     SLICE_X61Y49  U_LED_SET/U_ZONE_MONITOR/px_reg[4]/C
Low Pulse Width   Fast    FDCE/C              n/a            0.500         20.000      19.500     SLICE_X61Y49  U_LED_SET/U_ZONE_MONITOR/px_reg[5]/C
Low Pulse Width   Slow    FDCE/C              n/a            0.500         20.000      19.500     SLICE_X61Y50  U_LED_SET/U_ZONE_MONITOR/px_reg[6]/C
Low Pulse Width   Slow    FDCE/C              n/a            0.500         20.000      19.500     SLICE_X61Y50  U_LED_SET/U_ZONE_MONITOR/px_reg[7]/C
Low Pulse Width   Slow    FDCE/C              n/a            0.500         20.000      19.500     SLICE_X61Y50  U_LED_SET/U_ZONE_MONITOR/px_reg[8]/C
Low Pulse Width   Fast    FDRE/C              n/a            0.500         20.000      19.500     SLICE_X60Y40  U_CAM_SET/U_CAM_CTRL/nextAddr_reg[13]/C
Low Pulse Width   Fast    FDRE/C              n/a            0.500         20.000      19.500     SLICE_X60Y40  U_CAM_SET/U_CAM_CTRL/nextAddr_reg[14]/C
Low Pulse Width   Fast    FDRE/C              n/a            0.500         20.000      19.500     SLICE_X60Y40  U_CAM_SET/U_CAM_CTRL/nextAddr_reg[16]/C
Low Pulse Width   Fast    FDRE/C              n/a            0.500         20.000      19.500     SLICE_X60Y37  U_CAM_SET/U_CAM_CTRL/nextAddr_reg[1]/C
Low Pulse Width   Fast    FDRE/C              n/a            0.500         20.000      19.500     SLICE_X60Y37  U_CAM_SET/U_CAM_CTRL/nextAddr_reg[2]/C
High Pulse Width  Slow    FDRE/C              n/a            0.500         20.000      19.500     SLICE_X59Y39  U_CAM_SET/U_CAM_CTRL/nextAddr_reg[0]/C
High Pulse Width  Slow    FDRE/C              n/a            0.500         20.000      19.500     SLICE_X60Y39  U_CAM_SET/U_CAM_CTRL/nextAddr_reg[10]/C
High Pulse Width  Slow    FDCE/C              n/a            0.500         20.000      19.500     SLICE_X62Y49  U_LED_SET/U_ZONE_MONITOR/px_reg[0]/C
High Pulse Width  Slow    FDCE/C              n/a            0.500         20.000      19.500     SLICE_X62Y49  U_LED_SET/U_ZONE_MONITOR/px_reg[1]/C
High Pulse Width  Slow    FDCE/C              n/a            0.500         20.000      19.500     SLICE_X62Y49  U_LED_SET/U_ZONE_MONITOR/px_reg[2]/C
High Pulse Width  Slow    FDCE/C              n/a            0.500         20.000      19.500     SLICE_X62Y49  U_LED_SET/U_ZONE_MONITOR/px_reg[3]/C
High Pulse Width  Slow    FDCE/C              n/a            0.500         20.000      19.500     SLICE_X61Y49  U_LED_SET/U_ZONE_MONITOR/px_reg[4]/C
High Pulse Width  Slow    FDCE/C              n/a            0.500         20.000      19.500     SLICE_X61Y49  U_LED_SET/U_ZONE_MONITOR/px_reg[5]/C
High Pulse Width  Slow    FDRE/C              n/a            0.500         20.000      19.500     SLICE_X60Y39  U_CAM_SET/U_CAM_CTRL/nextAddr_reg[11]/C
High Pulse Width  Slow    FDRE/C              n/a            0.500         20.000      19.500     SLICE_X60Y39  U_CAM_SET/U_CAM_CTRL/nextAddr_reg[12]/C



---------------------------------------------------------------------------------------------------
From Clock:  sys_clk_pin
  To Clock:  sys_clk_pin

Setup :            0  Failing Endpoints,  Worst Slack        1.027ns,  Total Violation        0.000ns
Hold  :            0  Failing Endpoints,  Worst Slack        0.012ns,  Total Violation        0.000ns
PW    :            0  Failing Endpoints,  Worst Slack        3.000ns,  Total Violation        0.000ns
---------------------------------------------------------------------------------------------------


Max Delay Paths
--------------------------------------------------------------------------------------
Slack (MET) :             1.027ns  (required time - arrival time)
  Source:                 u_command_decrypt/u_decrypt_ip/u_gcm_decrypt/u_ghash/bit_index_reg[1]/C
                            (rising edge-triggered cell FDRE clocked by sys_clk_pin  {rise@0.000ns fall@5.000ns period=10.000ns})
  Destination:            u_command_decrypt/u_decrypt_ip/u_gcm_decrypt/u_ghash/ghash_reg[46]/D
                            (rising edge-triggered cell FDRE clocked by sys_clk_pin  {rise@0.000ns fall@5.000ns period=10.000ns})
  Path Group:             sys_clk_pin
  Path Type:              Setup (Max at Slow Process Corner)
  Requirement:            10.000ns  (sys_clk_pin rise@10.000ns - sys_clk_pin rise@0.000ns)
  Data Path Delay:        8.369ns  (logic 2.046ns (24.447%)  route 6.323ns (75.553%))
  Logic Levels:           6  (LUT3=3 LUT6=2 MUXF7=1)
  Clock Path Skew:        -0.295ns (DCD - SCD + CPR)
    Destination Clock Delay (DCD):    4.777ns = ( 14.777 - 10.000 ) 
    Source Clock Delay      (SCD):    5.258ns
    Clock Pessimism Removal (CPR):    0.187ns
  Clock Uncertainty:      0.035ns  ((TSJ^2 + TIJ^2)^1/2 + DJ) / 2 + PE
    Total System Jitter     (TSJ):    0.071ns
    Total Input Jitter      (TIJ):    0.000ns
    Discrete Jitter          (DJ):    0.000ns
    Phase Error              (PE):    0.000ns

    Location             Delay type                Incr(ns)  Path(ns)    Netlist Resource(s)
  -------------------------------------------------------------------    -------------------
                         (clock sys_clk_pin rise edge)
                                                      0.000     0.000 r  
    W5                                                0.000     0.000 r  clk (IN)
                         net (fo=0)                   0.000     0.000    clk
    W5                   IBUF (Prop_ibuf_I_O)         1.458     1.458 r  clk_IBUF_inst/O
                         net (fo=1, routed)           1.967     3.425    clk_IBUF
    BUFGCTRL_X0Y1        BUFG (Prop_bufg_I_O)         0.096     3.521 r  clk_IBUF_BUFG_inst/O
                         net (fo=10966, routed)       1.737     5.258    u_command_decrypt/u_decrypt_ip/u_gcm_decrypt/u_ghash/clk_IBUF_BUFG
    SLICE_X14Y111        FDRE                                         r  u_command_decrypt/u_decrypt_ip/u_gcm_decrypt/u_ghash/bit_index_reg[1]/C
  -------------------------------------------------------------------    -------------------
    SLICE_X14Y111        FDRE (Prop_fdre_C_Q)         0.518     5.776 r  u_command_decrypt/u_decrypt_ip/u_gcm_decrypt/u_ghash/bit_index_reg[1]/Q
                         net (fo=51, routed)          0.742     6.518    u_command_decrypt/u_decrypt_ip/u_gcm_decrypt/u_ghash/bit_index_reg_n_0_[1]
    SLICE_X15Y111        LUT3 (Prop_lut3_I1_O)        0.154     6.672 r  u_command_decrypt/u_decrypt_ip/u_gcm_decrypt/u_ghash/y[127]_i_43__0/O
                         net (fo=2, routed)           0.894     7.565    u_command_decrypt/u_decrypt_ip/u_gcm_decrypt/u_ghash/y[127]_i_43__0_n_0
    SLICE_X32Y107        MUXF7 (Prop_muxf7_S_O)       0.479     8.044 r  u_command_decrypt/u_decrypt_ip/u_gcm_decrypt/u_ghash/y_reg[127]_i_22/O
                         net (fo=1, routed)           1.334     9.378    u_command_decrypt/u_decrypt_ip/u_gcm_decrypt/u_ghash/y_reg[127]_i_22_n_0
    SLICE_X22Y109        LUT3 (Prop_lut3_I1_O)        0.327     9.705 r  u_command_decrypt/u_decrypt_ip/u_gcm_decrypt/u_ghash/y[127]_i_9__0/O
                         net (fo=1, routed)           0.578    10.283    u_command_decrypt/u_decrypt_ip/u_gcm_decrypt/u_ghash/y[127]_i_9__0_n_0
    SLICE_X22Y110        LUT6 (Prop_lut6_I0_O)        0.326    10.609 r  u_command_decrypt/u_decrypt_ip/u_gcm_decrypt/u_ghash/y[127]_i_5__0/O
                         net (fo=1, routed)           0.493    11.102    u_command_decrypt/u_decrypt_ip/u_gcm_decrypt/u_ghash/y[127]_i_5__0_n_0
    SLICE_X14Y111        LUT6 (Prop_lut6_I0_O)        0.124    11.226 r  u_command_decrypt/u_decrypt_ip/u_gcm_decrypt/u_ghash/y[127]_i_4/O
                         net (fo=256, routed)         1.656    12.882    u_command_decrypt/u_decrypt_ip/u_gcm_decrypt/u_ghash/y[127]_i_4_n_0
    SLICE_X40Y101        LUT3 (Prop_lut3_I1_O)        0.118    13.000 r  u_command_decrypt/u_decrypt_ip/u_gcm_decrypt/u_ghash/z[46]_i_1__0/O
                         net (fo=2, routed)           0.627    13.627    u_command_decrypt/u_decrypt_ip/u_gcm_decrypt/u_ghash/z_step[46]
    SLICE_X38Y98         FDRE                                         r  u_command_decrypt/u_decrypt_ip/u_gcm_decrypt/u_ghash/ghash_reg[46]/D
  -------------------------------------------------------------------    -------------------

                         (clock sys_clk_pin rise edge)
                                                     10.000    10.000 r  
    W5                                                0.000    10.000 r  clk (IN)
                         net (fo=0)                   0.000    10.000    clk
    W5                   IBUF (Prop_ibuf_I_O)         1.388    11.388 r  clk_IBUF_inst/O
                         net (fo=1, routed)           1.862    13.250    clk_IBUF
    BUFGCTRL_X0Y1        BUFG (Prop_bufg_I_O)         0.091    13.341 r  clk_IBUF_BUFG_inst/O
                         net (fo=10966, routed)       1.436    14.777    u_command_decrypt/u_decrypt_ip/u_gcm_decrypt/u_ghash/clk_IBUF_BUFG
    SLICE_X38Y98         FDRE                                         r  u_command_decrypt/u_decrypt_ip/u_gcm_decrypt/u_ghash/ghash_reg[46]/C
                         clock pessimism              0.187    14.964    
                         clock uncertainty           -0.035    14.928    
    SLICE_X38Y98         FDRE (Setup_fdre_C_D)       -0.274    14.654    u_command_decrypt/u_decrypt_ip/u_gcm_decrypt/u_ghash/ghash_reg[46]
  -------------------------------------------------------------------
                         required time                         14.654    
                         arrival time                         -13.627    
  -------------------------------------------------------------------
                         slack                                  1.027    

Slack (MET) :             1.038ns  (required time - arrival time)
  Source:                 u_command_decrypt/u_decrypt_ip/u_gcm_decrypt/u_ghash/bit_index_reg[1]/C
                            (rising edge-triggered cell FDRE clocked by sys_clk_pin  {rise@0.000ns fall@5.000ns period=10.000ns})
  Destination:            u_command_decrypt/u_decrypt_ip/u_gcm_decrypt/u_ghash/ghash_reg[54]/D
                            (rising edge-triggered cell FDRE clocked by sys_clk_pin  {rise@0.000ns fall@5.000ns period=10.000ns})
  Path Group:             sys_clk_pin
  Path Type:              Setup (Max at Slow Process Corner)
  Requirement:            10.000ns  (sys_clk_pin rise@10.000ns - sys_clk_pin rise@0.000ns)
  Data Path Delay:        8.374ns  (logic 2.048ns (24.457%)  route 6.326ns (75.543%))
  Logic Levels:           6  (LUT3=3 LUT6=2 MUXF7=1)
  Clock Path Skew:        -0.292ns (DCD - SCD + CPR)
    Destination Clock Delay (DCD):    4.780ns = ( 14.780 - 10.000 ) 
    Source Clock Delay      (SCD):    5.258ns
    Clock Pessimism Removal (CPR):    0.187ns
  Clock Uncertainty:      0.035ns  ((TSJ^2 + TIJ^2)^1/2 + DJ) / 2 + PE
    Total System Jitter     (TSJ):    0.071ns
    Total Input Jitter      (TIJ):    0.000ns
    Discrete Jitter          (DJ):    0.000ns
    Phase Error              (PE):    0.000ns

    Location             Delay type                Incr(ns)  Path(ns)    Netlist Resource(s)
  -------------------------------------------------------------------    -------------------
                         (clock sys_clk_pin rise edge)
                                                      0.000     0.000 r  
    W5                                                0.000     0.000 r  clk (IN)
                         net (fo=0)                   0.000     0.000    clk
    W5                   IBUF (Prop_ibuf_I_O)         1.458     1.458 r  clk_IBUF_inst/O
                         net (fo=1, routed)           1.967     3.425    clk_IBUF
    BUFGCTRL_X0Y1        BUFG (Prop_bufg_I_O)         0.096     3.521 r  clk_IBUF_BUFG_inst/O
                         net (fo=10966, routed)       1.737     5.258    u_command_decrypt/u_decrypt_ip/u_gcm_decrypt/u_ghash/clk_IBUF_BUFG
    SLICE_X14Y111        FDRE                                         r  u_command_decrypt/u_decrypt_ip/u_gcm_decrypt/u_ghash/bit_index_reg[1]/C
  -------------------------------------------------------------------    -------------------
    SLICE_X14Y111        FDRE (Prop_fdre_C_Q)         0.518     5.776 r  u_command_decrypt/u_decrypt_ip/u_gcm_decrypt/u_ghash/bit_index_reg[1]/Q
                         net (fo=51, routed)          0.742     6.518    u_command_decrypt/u_decrypt_ip/u_gcm_decrypt/u_ghash/bit_index_reg_n_0_[1]
    SLICE_X15Y111        LUT3 (Prop_lut3_I1_O)        0.154     6.672 r  u_command_decrypt/u_decrypt_ip/u_gcm_decrypt/u_ghash/y[127]_i_43__0/O
                         net (fo=2, routed)           0.894     7.565    u_command_decrypt/u_decrypt_ip/u_gcm_decrypt/u_ghash/y[127]_i_43__0_n_0
    SLICE_X32Y107        MUXF7 (Prop_muxf7_S_O)       0.479     8.044 r  u_command_decrypt/u_decrypt_ip/u_gcm_decrypt/u_ghash/y_reg[127]_i_22/O
                         net (fo=1, routed)           1.334     9.378    u_command_decrypt/u_decrypt_ip/u_gcm_decrypt/u_ghash/y_reg[127]_i_22_n_0
    SLICE_X22Y109        LUT3 (Prop_lut3_I1_O)        0.327     9.705 r  u_command_decrypt/u_decrypt_ip/u_gcm_decrypt/u_ghash/y[127]_i_9__0/O
                         net (fo=1, routed)           0.578    10.283    u_command_decrypt/u_decrypt_ip/u_gcm_decrypt/u_ghash/y[127]_i_9__0_n_0
    SLICE_X22Y110        LUT6 (Prop_lut6_I0_O)        0.326    10.609 r  u_command_decrypt/u_decrypt_ip/u_gcm_decrypt/u_ghash/y[127]_i_5__0/O
                         net (fo=1, routed)           0.493    11.102    u_command_decrypt/u_decrypt_ip/u_gcm_decrypt/u_ghash/y[127]_i_5__0_n_0
    SLICE_X14Y111        LUT6 (Prop_lut6_I0_O)        0.124    11.226 r  u_command_decrypt/u_decrypt_ip/u_gcm_decrypt/u_ghash/y[127]_i_4/O
                         net (fo=256, routed)         1.509    12.735    u_command_decrypt/u_decrypt_ip/u_gcm_decrypt/u_ghash/y[127]_i_4_n_0
    SLICE_X40Y101        LUT3 (Prop_lut3_I1_O)        0.120    12.855 r  u_command_decrypt/u_decrypt_ip/u_gcm_decrypt/u_ghash/z[54]_i_1__0/O
                         net (fo=2, routed)           0.777    13.632    u_command_decrypt/u_decrypt_ip/u_gcm_decrypt/u_ghash/z_step[54]
    SLICE_X47Y99         FDRE                                         r  u_command_decrypt/u_decrypt_ip/u_gcm_decrypt/u_ghash/ghash_reg[54]/D
  -------------------------------------------------------------------    -------------------

                         (clock sys_clk_pin rise edge)
                                                     10.000    10.000 r  
    W5                                                0.000    10.000 r  clk (IN)
                         net (fo=0)                   0.000    10.000    clk
    W5                   IBUF (Prop_ibuf_I_O)         1.388    11.388 r  clk_IBUF_inst/O
                         net (fo=1, routed)           1.862    13.250    clk_IBUF
    BUFGCTRL_X0Y1        BUFG (Prop_bufg_I_O)         0.091    13.341 r  clk_IBUF_BUFG_inst/O
                         net (fo=10966, routed)       1.439    14.780    u_command_decrypt/u_decrypt_ip/u_gcm_decrypt/u_ghash/clk_IBUF_BUFG
    SLICE_X47Y99         FDRE                                         r  u_command_decrypt/u_decrypt_ip/u_gcm_decrypt/u_ghash/ghash_reg[54]/C
                         clock pessimism              0.187    14.967    
                         clock uncertainty           -0.035    14.931    
    SLICE_X47Y99         FDRE (Setup_fdre_C_D)       -0.261    14.670    u_command_decrypt/u_decrypt_ip/u_gcm_decrypt/u_ghash/ghash_reg[54]
  -------------------------------------------------------------------
                         required time                         14.670    
                         arrival time                         -13.632    
  -------------------------------------------------------------------
                         slack                                  1.038    

Slack (MET) :             1.078ns  (required time - arrival time)
  Source:                 u_command_decrypt/u_decrypt_ip/u_gcm_decrypt/u_ghash/bit_index_reg[1]/C
                            (rising edge-triggered cell FDRE clocked by sys_clk_pin  {rise@0.000ns fall@5.000ns period=10.000ns})
  Destination:            u_command_decrypt/u_decrypt_ip/u_gcm_decrypt/u_ghash/ghash_reg[103]/D
                            (rising edge-triggered cell FDRE clocked by sys_clk_pin  {rise@0.000ns fall@5.000ns period=10.000ns})
  Path Group:             sys_clk_pin
  Path Type:              Setup (Max at Slow Process Corner)
  Requirement:            10.000ns  (sys_clk_pin rise@10.000ns - sys_clk_pin rise@0.000ns)
  Data Path Delay:        8.544ns  (logic 2.046ns (23.947%)  route 6.498ns (76.053%))
  Logic Levels:           6  (LUT3=3 LUT6=2 MUXF7=1)
  Clock Path Skew:        -0.052ns (DCD - SCD + CPR)
    Destination Clock Delay (DCD):    4.939ns = ( 14.939 - 10.000 ) 
    Source Clock Delay      (SCD):    5.258ns
    Clock Pessimism Removal (CPR):    0.267ns
  Clock Uncertainty:      0.035ns  ((TSJ^2 + TIJ^2)^1/2 + DJ) / 2 + PE
    Total System Jitter     (TSJ):    0.071ns
    Total Input Jitter      (TIJ):    0.000ns
    Discrete Jitter          (DJ):    0.000ns
    Phase Error              (PE):    0.000ns

    Location             Delay type                Incr(ns)  Path(ns)    Netlist Resource(s)
  -------------------------------------------------------------------    -------------------
                         (clock sys_clk_pin rise edge)
                                                      0.000     0.000 r  
    W5                                                0.000     0.000 r  clk (IN)
                         net (fo=0)                   0.000     0.000    clk
    W5                   IBUF (Prop_ibuf_I_O)         1.458     1.458 r  clk_IBUF_inst/O
                         net (fo=1, routed)           1.967     3.425    clk_IBUF
    BUFGCTRL_X0Y1        BUFG (Prop_bufg_I_O)         0.096     3.521 r  clk_IBUF_BUFG_inst/O
                         net (fo=10966, routed)       1.737     5.258    u_command_decrypt/u_decrypt_ip/u_gcm_decrypt/u_ghash/clk_IBUF_BUFG
    SLICE_X14Y111        FDRE                                         r  u_command_decrypt/u_decrypt_ip/u_gcm_decrypt/u_ghash/bit_index_reg[1]/C
  -------------------------------------------------------------------    -------------------
    SLICE_X14Y111        FDRE (Prop_fdre_C_Q)         0.518     5.776 r  u_command_decrypt/u_decrypt_ip/u_gcm_decrypt/u_ghash/bit_index_reg[1]/Q
                         net (fo=51, routed)          0.742     6.518    u_command_decrypt/u_decrypt_ip/u_gcm_decrypt/u_ghash/bit_index_reg_n_0_[1]
    SLICE_X15Y111        LUT3 (Prop_lut3_I1_O)        0.154     6.672 r  u_command_decrypt/u_decrypt_ip/u_gcm_decrypt/u_ghash/y[127]_i_43__0/O
                         net (fo=2, routed)           0.894     7.565    u_command_decrypt/u_decrypt_ip/u_gcm_decrypt/u_ghash/y[127]_i_43__0_n_0
    SLICE_X32Y107        MUXF7 (Prop_muxf7_S_O)       0.479     8.044 r  u_command_decrypt/u_decrypt_ip/u_gcm_decrypt/u_ghash/y_reg[127]_i_22/O
                         net (fo=1, routed)           1.334     9.378    u_command_decrypt/u_decrypt_ip/u_gcm_decrypt/u_ghash/y_reg[127]_i_22_n_0
    SLICE_X22Y109        LUT3 (Prop_lut3_I1_O)        0.327     9.705 r  u_command_decrypt/u_decrypt_ip/u_gcm_decrypt/u_ghash/y[127]_i_9__0/O
                         net (fo=1, routed)           0.578    10.283    u_command_decrypt/u_decrypt_ip/u_gcm_decrypt/u_ghash/y[127]_i_9__0_n_0
    SLICE_X22Y110        LUT6 (Prop_lut6_I0_O)        0.326    10.609 r  u_command_decrypt/u_decrypt_ip/u_gcm_decrypt/u_ghash/y[127]_i_5__0/O
                         net (fo=1, routed)           0.493    11.102    u_command_decrypt/u_decrypt_ip/u_gcm_decrypt/u_ghash/y[127]_i_5__0_n_0
    SLICE_X14Y111        LUT6 (Prop_lut6_I0_O)        0.124    11.226 r  u_command_decrypt/u_decrypt_ip/u_gcm_decrypt/u_ghash/y[127]_i_4/O
                         net (fo=256, routed)         1.244    12.470    u_command_decrypt/u_decrypt_ip/u_gcm_decrypt/u_ghash/y[127]_i_4_n_0
    SLICE_X7Y122         LUT3 (Prop_lut3_I1_O)        0.118    12.588 r  u_command_decrypt/u_decrypt_ip/u_gcm_decrypt/u_ghash/z[103]_i_1__0/O
                         net (fo=2, routed)           1.214    13.802    u_command_decrypt/u_decrypt_ip/u_gcm_decrypt/u_ghash/z_step[103]
    SLICE_X26Y122        FDRE                                         r  u_command_decrypt/u_decrypt_ip/u_gcm_decrypt/u_ghash/ghash_reg[103]/D
  -------------------------------------------------------------------    -------------------

                         (clock sys_clk_pin rise edge)
                                                     10.000    10.000 r  
    W5                                                0.000    10.000 r  clk (IN)
                         net (fo=0)                   0.000    10.000    clk
    W5                   IBUF (Prop_ibuf_I_O)         1.388    11.388 r  clk_IBUF_inst/O
                         net (fo=1, routed)           1.862    13.250    clk_IBUF
    BUFGCTRL_X0Y1        BUFG (Prop_bufg_I_O)         0.091    13.341 r  clk_IBUF_BUFG_inst/O
                         net (fo=10966, routed)       1.598    14.939    u_command_decrypt/u_decrypt_ip/u_gcm_decrypt/u_ghash/clk_IBUF_BUFG
    SLICE_X26Y122        FDRE                                         r  u_command_decrypt/u_decrypt_ip/u_gcm_decrypt/u_ghash/ghash_reg[103]/C
                         clock pessimism              0.267    15.206    
                         clock uncertainty           -0.035    15.171    
    SLICE_X26Y122        FDRE (Setup_fdre_C_D)       -0.291    14.880    u_command_decrypt/u_decrypt_ip/u_gcm_decrypt/u_ghash/ghash_reg[103]
  -------------------------------------------------------------------
                         required time                         14.880    
                         arrival time                         -13.802    
  -------------------------------------------------------------------
                         slack                                  1.078    

Slack (MET) :             1.083ns  (required time - arrival time)
  Source:                 u_command_decrypt/u_decrypt_ip/u_gcm_decrypt/u_ghash/bit_index_reg[1]/C
                            (rising edge-triggered cell FDRE clocked by sys_clk_pin  {rise@0.000ns fall@5.000ns period=10.000ns})
  Destination:            u_command_decrypt/u_decrypt_ip/u_gcm_decrypt/u_ghash/ghash_reg[50]/D
                            (rising edge-triggered cell FDRE clocked by sys_clk_pin  {rise@0.000ns fall@5.000ns period=10.000ns})
  Path Group:             sys_clk_pin
  Path Type:              Setup (Max at Slow Process Corner)
  Requirement:            10.000ns  (sys_clk_pin rise@10.000ns - sys_clk_pin rise@0.000ns)
  Data Path Delay:        8.323ns  (logic 2.047ns (24.596%)  route 6.276ns (75.404%))
  Logic Levels:           6  (LUT3=3 LUT6=2 MUXF7=1)
  Clock Path Skew:        -0.293ns (DCD - SCD + CPR)
    Destination Clock Delay (DCD):    4.779ns = ( 14.779 - 10.000 ) 
    Source Clock Delay      (SCD):    5.258ns
    Clock Pessimism Removal (CPR):    0.187ns
  Clock Uncertainty:      0.035ns  ((TSJ^2 + TIJ^2)^1/2 + DJ) / 2 + PE
    Total System Jitter     (TSJ):    0.071ns
    Total Input Jitter      (TIJ):    0.000ns
    Discrete Jitter          (DJ):    0.000ns
    Phase Error              (PE):    0.000ns

    Location             Delay type                Incr(ns)  Path(ns)    Netlist Resource(s)
  -------------------------------------------------------------------    -------------------
                         (clock sys_clk_pin rise edge)
                                                      0.000     0.000 r  
    W5                                                0.000     0.000 r  clk (IN)
                         net (fo=0)                   0.000     0.000    clk
    W5                   IBUF (Prop_ibuf_I_O)         1.458     1.458 r  clk_IBUF_inst/O
                         net (fo=1, routed)           1.967     3.425    clk_IBUF
    BUFGCTRL_X0Y1        BUFG (Prop_bufg_I_O)         0.096     3.521 r  clk_IBUF_BUFG_inst/O
                         net (fo=10966, routed)       1.737     5.258    u_command_decrypt/u_decrypt_ip/u_gcm_decrypt/u_ghash/clk_IBUF_BUFG
    SLICE_X14Y111        FDRE                                         r  u_command_decrypt/u_decrypt_ip/u_gcm_decrypt/u_ghash/bit_index_reg[1]/C
  -------------------------------------------------------------------    -------------------
    SLICE_X14Y111        FDRE (Prop_fdre_C_Q)         0.518     5.776 r  u_command_decrypt/u_decrypt_ip/u_gcm_decrypt/u_ghash/bit_index_reg[1]/Q
                         net (fo=51, routed)          0.742     6.518    u_command_decrypt/u_decrypt_ip/u_gcm_decrypt/u_ghash/bit_index_reg_n_0_[1]
    SLICE_X15Y111        LUT3 (Prop_lut3_I1_O)        0.154     6.672 r  u_command_decrypt/u_decrypt_ip/u_gcm_decrypt/u_ghash/y[127]_i_43__0/O
                         net (fo=2, routed)           0.894     7.565    u_command_decrypt/u_decrypt_ip/u_gcm_decrypt/u_ghash/y[127]_i_43__0_n_0
    SLICE_X32Y107        MUXF7 (Prop_muxf7_S_O)       0.479     8.044 r  u_command_decrypt/u_decrypt_ip/u_gcm_decrypt/u_ghash/y_reg[127]_i_22/O
                         net (fo=1, routed)           1.334     9.378    u_command_decrypt/u_decrypt_ip/u_gcm_decrypt/u_ghash/y_reg[127]_i_22_n_0
    SLICE_X22Y109        LUT3 (Prop_lut3_I1_O)        0.327     9.705 r  u_command_decrypt/u_decrypt_ip/u_gcm_decrypt/u_ghash/y[127]_i_9__0/O
                         net (fo=1, routed)           0.578    10.283    u_command_decrypt/u_decrypt_ip/u_gcm_decrypt/u_ghash/y[127]_i_9__0_n_0
    SLICE_X22Y110        LUT6 (Prop_lut6_I0_O)        0.326    10.609 r  u_command_decrypt/u_decrypt_ip/u_gcm_decrypt/u_ghash/y[127]_i_5__0/O
                         net (fo=1, routed)           0.493    11.102    u_command_decrypt/u_decrypt_ip/u_gcm_decrypt/u_ghash/y[127]_i_5__0_n_0
    SLICE_X14Y111        LUT6 (Prop_lut6_I0_O)        0.124    11.226 r  u_command_decrypt/u_decrypt_ip/u_gcm_decrypt/u_ghash/y[127]_i_4/O
                         net (fo=256, routed)         1.683    12.909    u_command_decrypt/u_decrypt_ip/u_gcm_decrypt/u_ghash/y[127]_i_4_n_0
    SLICE_X37Y101        LUT3 (Prop_lut3_I1_O)        0.119    13.028 r  u_command_decrypt/u_decrypt_ip/u_gcm_decrypt/u_ghash/z[50]_i_1__0/O
                         net (fo=2, routed)           0.553    13.581    u_command_decrypt/u_decrypt_ip/u_gcm_decrypt/u_ghash/z_step[50]
    SLICE_X40Y98         FDRE                                         r  u_command_decrypt/u_decrypt_ip/u_gcm_decrypt/u_ghash/ghash_reg[50]/D
  -------------------------------------------------------------------    -------------------

                         (clock sys_clk_pin rise edge)
                                                     10.000    10.000 r  
    W5                                                0.000    10.000 r  clk (IN)
                         net (fo=0)                   0.000    10.000    clk
    W5                   IBUF (Prop_ibuf_I_O)         1.388    11.388 r  clk_IBUF_inst/O
                         net (fo=1, routed)           1.862    13.250    clk_IBUF
    BUFGCTRL_X0Y1        BUFG (Prop_bufg_I_O)         0.091    13.341 r  clk_IBUF_BUFG_inst/O
                         net (fo=10966, routed)       1.438    14.779    u_command_decrypt/u_decrypt_ip/u_gcm_decrypt/u_ghash/clk_IBUF_BUFG
    SLICE_X40Y98         FDRE                                         r  u_command_decrypt/u_decrypt_ip/u_gcm_decrypt/u_ghash/ghash_reg[50]/C
                         clock pessimism              0.187    14.966    
                         clock uncertainty           -0.035    14.930    
    SLICE_X40Y98         FDRE (Setup_fdre_C_D)       -0.266    14.664    u_command_decrypt/u_decrypt_ip/u_gcm_decrypt/u_ghash/ghash_reg[50]
  -------------------------------------------------------------------
                         required time                         14.664    
                         arrival time                         -13.581    
  -------------------------------------------------------------------
                         slack                                  1.083    

Slack (MET) :             1.101ns  (required time - arrival time)
  Source:                 u_command_decrypt/u_decrypt_ip/u_gcm_decrypt/u_ghash/bit_index_reg[1]/C
                            (rising edge-triggered cell FDRE clocked by sys_clk_pin  {rise@0.000ns fall@5.000ns period=10.000ns})
  Destination:            u_command_decrypt/u_decrypt_ip/u_gcm_decrypt/u_ghash/ghash_reg[106]/D
                            (rising edge-triggered cell FDRE clocked by sys_clk_pin  {rise@0.000ns fall@5.000ns period=10.000ns})
  Path Group:             sys_clk_pin
  Path Type:              Setup (Max at Slow Process Corner)
  Requirement:            10.000ns  (sys_clk_pin rise@10.000ns - sys_clk_pin rise@0.000ns)
  Data Path Delay:        8.513ns  (logic 2.047ns (24.046%)  route 6.466ns (75.954%))
  Logic Levels:           6  (LUT3=3 LUT6=2 MUXF7=1)
  Clock Path Skew:        -0.048ns (DCD - SCD + CPR)
    Destination Clock Delay (DCD):    4.943ns = ( 14.943 - 10.000 ) 
    Source Clock Delay      (SCD):    5.258ns
    Clock Pessimism Removal (CPR):    0.267ns
  Clock Uncertainty:      0.035ns  ((TSJ^2 + TIJ^2)^1/2 + DJ) / 2 + PE
    Total System Jitter     (TSJ):    0.071ns
    Total Input Jitter      (TIJ):    0.000ns
    Discrete Jitter          (DJ):    0.000ns
    Phase Error              (PE):    0.000ns

    Location             Delay type                Incr(ns)  Path(ns)    Netlist Resource(s)
  -------------------------------------------------------------------    -------------------
                         (clock sys_clk_pin rise edge)
                                                      0.000     0.000 r  
    W5                                                0.000     0.000 r  clk (IN)
                         net (fo=0)                   0.000     0.000    clk
    W5                   IBUF (Prop_ibuf_I_O)         1.458     1.458 r  clk_IBUF_inst/O
                         net (fo=1, routed)           1.967     3.425    clk_IBUF
    BUFGCTRL_X0Y1        BUFG (Prop_bufg_I_O)         0.096     3.521 r  clk_IBUF_BUFG_inst/O
                         net (fo=10966, routed)       1.737     5.258    u_command_decrypt/u_decrypt_ip/u_gcm_decrypt/u_ghash/clk_IBUF_BUFG
    SLICE_X14Y111        FDRE                                         r  u_command_decrypt/u_decrypt_ip/u_gcm_decrypt/u_ghash/bit_index_reg[1]/C
  -------------------------------------------------------------------    -------------------
    SLICE_X14Y111        FDRE (Prop_fdre_C_Q)         0.518     5.776 r  u_command_decrypt/u_decrypt_ip/u_gcm_decrypt/u_ghash/bit_index_reg[1]/Q
                         net (fo=51, routed)          0.742     6.518    u_command_decrypt/u_decrypt_ip/u_gcm_decrypt/u_ghash/bit_index_reg_n_0_[1]
    SLICE_X15Y111        LUT3 (Prop_lut3_I1_O)        0.154     6.672 r  u_command_decrypt/u_decrypt_ip/u_gcm_decrypt/u_ghash/y[127]_i_43__0/O
                         net (fo=2, routed)           0.894     7.565    u_command_decrypt/u_decrypt_ip/u_gcm_decrypt/u_ghash/y[127]_i_43__0_n_0
    SLICE_X32Y107        MUXF7 (Prop_muxf7_S_O)       0.479     8.044 r  u_command_decrypt/u_decrypt_ip/u_gcm_decrypt/u_ghash/y_reg[127]_i_22/O
                         net (fo=1, routed)           1.334     9.378    u_command_decrypt/u_decrypt_ip/u_gcm_decrypt/u_ghash/y_reg[127]_i_22_n_0
    SLICE_X22Y109        LUT3 (Prop_lut3_I1_O)        0.327     9.705 r  u_command_decrypt/u_decrypt_ip/u_gcm_decrypt/u_ghash/y[127]_i_9__0/O
                         net (fo=1, routed)           0.578    10.283    u_command_decrypt/u_decrypt_ip/u_gcm_decrypt/u_ghash/y[127]_i_9__0_n_0
    SLICE_X22Y110        LUT6 (Prop_lut6_I0_O)        0.326    10.609 r  u_command_decrypt/u_decrypt_ip/u_gcm_decrypt/u_ghash/y[127]_i_5__0/O
                         net (fo=1, routed)           0.493    11.102    u_command_decrypt/u_decrypt_ip/u_gcm_decrypt/u_ghash/y[127]_i_5__0_n_0
    SLICE_X14Y111        LUT6 (Prop_lut6_I0_O)        0.124    11.226 r  u_command_decrypt/u_decrypt_ip/u_gcm_decrypt/u_ghash/y[127]_i_4/O
                         net (fo=256, routed)         1.378    12.604    u_command_decrypt/u_decrypt_ip/u_gcm_decrypt/u_ghash/y[127]_i_4_n_0
    SLICE_X7Y122         LUT3 (Prop_lut3_I1_O)        0.119    12.723 r  u_command_decrypt/u_decrypt_ip/u_gcm_decrypt/u_ghash/z[106]_i_1__0/O
                         net (fo=2, routed)           1.048    13.771    u_command_decrypt/u_decrypt_ip/u_gcm_decrypt/u_ghash/z_step[106]
    SLICE_X23Y119        FDRE                                         r  u_command_decrypt/u_decrypt_ip/u_gcm_decrypt/u_ghash/ghash_reg[106]/D
  -------------------------------------------------------------------    -------------------

                         (clock sys_clk_pin rise edge)
                                                     10.000    10.000 r  
    W5                                                0.000    10.000 r  clk (IN)
                         net (fo=0)                   0.000    10.000    clk
    W5                   IBUF (Prop_ibuf_I_O)         1.388    11.388 r  clk_IBUF_inst/O
                         net (fo=1, routed)           1.862    13.250    clk_IBUF
    BUFGCTRL_X0Y1        BUFG (Prop_bufg_I_O)         0.091    13.341 r  clk_IBUF_BUFG_inst/O
                         net (fo=10966, routed)       1.602    14.943    u_command_decrypt/u_decrypt_ip/u_gcm_decrypt/u_ghash/clk_IBUF_BUFG
    SLICE_X23Y119        FDRE                                         r  u_command_decrypt/u_decrypt_ip/u_gcm_decrypt/u_ghash/ghash_reg[106]/C
                         clock pessimism              0.267    15.210    
                         clock uncertainty           -0.035    15.175    
    SLICE_X23Y119        FDRE (Setup_fdre_C_D)       -0.303    14.872    u_command_decrypt/u_decrypt_ip/u_gcm_decrypt/u_ghash/ghash_reg[106]
  -------------------------------------------------------------------
                         required time                         14.872    
                         arrival time                         -13.771    
  -------------------------------------------------------------------
                         slack                                  1.101    

Slack (MET) :             1.112ns  (required time - arrival time)
  Source:                 u_command_decrypt/u_decrypt_ip/u_gcm_decrypt/u_ghash/bit_index_reg[1]/C
                            (rising edge-triggered cell FDRE clocked by sys_clk_pin  {rise@0.000ns fall@5.000ns period=10.000ns})
  Destination:            u_command_decrypt/u_decrypt_ip/u_gcm_decrypt/u_ghash/ghash_reg[48]/D
                            (rising edge-triggered cell FDRE clocked by sys_clk_pin  {rise@0.000ns fall@5.000ns period=10.000ns})
  Path Group:             sys_clk_pin
  Path Type:              Setup (Max at Slow Process Corner)
  Requirement:            10.000ns  (sys_clk_pin rise@10.000ns - sys_clk_pin rise@0.000ns)
  Data Path Delay:        8.290ns  (logic 2.047ns (24.691%)  route 6.243ns (75.309%))
  Logic Levels:           6  (LUT3=3 LUT6=2 MUXF7=1)
  Clock Path Skew:        -0.293ns (DCD - SCD + CPR)
    Destination Clock Delay (DCD):    4.779ns = ( 14.779 - 10.000 ) 
    Source Clock Delay      (SCD):    5.258ns
    Clock Pessimism Removal (CPR):    0.187ns
  Clock Uncertainty:      0.035ns  ((TSJ^2 + TIJ^2)^1/2 + DJ) / 2 + PE
    Total System Jitter     (TSJ):    0.071ns
    Total Input Jitter      (TIJ):    0.000ns
    Discrete Jitter          (DJ):    0.000ns
    Phase Error              (PE):    0.000ns

    Location             Delay type                Incr(ns)  Path(ns)    Netlist Resource(s)
  -------------------------------------------------------------------    -------------------
                         (clock sys_clk_pin rise edge)
                                                      0.000     0.000 r  
    W5                                                0.000     0.000 r  clk (IN)
                         net (fo=0)                   0.000     0.000    clk
    W5                   IBUF (Prop_ibuf_I_O)         1.458     1.458 r  clk_IBUF_inst/O
                         net (fo=1, routed)           1.967     3.425    clk_IBUF
    BUFGCTRL_X0Y1        BUFG (Prop_bufg_I_O)         0.096     3.521 r  clk_IBUF_BUFG_inst/O
                         net (fo=10966, routed)       1.737     5.258    u_command_decrypt/u_decrypt_ip/u_gcm_decrypt/u_ghash/clk_IBUF_BUFG
    SLICE_X14Y111        FDRE                                         r  u_command_decrypt/u_decrypt_ip/u_gcm_decrypt/u_ghash/bit_index_reg[1]/C
  -------------------------------------------------------------------    -------------------
    SLICE_X14Y111        FDRE (Prop_fdre_C_Q)         0.518     5.776 r  u_command_decrypt/u_decrypt_ip/u_gcm_decrypt/u_ghash/bit_index_reg[1]/Q
                         net (fo=51, routed)          0.742     6.518    u_command_decrypt/u_decrypt_ip/u_gcm_decrypt/u_ghash/bit_index_reg_n_0_[1]
    SLICE_X15Y111        LUT3 (Prop_lut3_I1_O)        0.154     6.672 r  u_command_decrypt/u_decrypt_ip/u_gcm_decrypt/u_ghash/y[127]_i_43__0/O
                         net (fo=2, routed)           0.894     7.565    u_command_decrypt/u_decrypt_ip/u_gcm_decrypt/u_ghash/y[127]_i_43__0_n_0
    SLICE_X32Y107        MUXF7 (Prop_muxf7_S_O)       0.479     8.044 r  u_command_decrypt/u_decrypt_ip/u_gcm_decrypt/u_ghash/y_reg[127]_i_22/O
                         net (fo=1, routed)           1.334     9.378    u_command_decrypt/u_decrypt_ip/u_gcm_decrypt/u_ghash/y_reg[127]_i_22_n_0
    SLICE_X22Y109        LUT3 (Prop_lut3_I1_O)        0.327     9.705 r  u_command_decrypt/u_decrypt_ip/u_gcm_decrypt/u_ghash/y[127]_i_9__0/O
                         net (fo=1, routed)           0.578    10.283    u_command_decrypt/u_decrypt_ip/u_gcm_decrypt/u_ghash/y[127]_i_9__0_n_0
    SLICE_X22Y110        LUT6 (Prop_lut6_I0_O)        0.326    10.609 r  u_command_decrypt/u_decrypt_ip/u_gcm_decrypt/u_ghash/y[127]_i_5__0/O
                         net (fo=1, routed)           0.493    11.102    u_command_decrypt/u_decrypt_ip/u_gcm_decrypt/u_ghash/y[127]_i_5__0_n_0
    SLICE_X14Y111        LUT6 (Prop_lut6_I0_O)        0.124    11.226 r  u_command_decrypt/u_decrypt_ip/u_gcm_decrypt/u_ghash/y[127]_i_4/O
                         net (fo=256, routed)         1.547    12.773    u_command_decrypt/u_decrypt_ip/u_gcm_decrypt/u_ghash/y[127]_i_4_n_0
    SLICE_X39Y98         LUT3 (Prop_lut3_I1_O)        0.119    12.892 r  u_command_decrypt/u_decrypt_ip/u_gcm_decrypt/u_ghash/z[48]_i_1__0/O
                         net (fo=2, routed)           0.656    13.549    u_command_decrypt/u_decrypt_ip/u_gcm_decrypt/u_ghash/z_step[48]
    SLICE_X40Y98         FDRE                                         r  u_command_decrypt/u_decrypt_ip/u_gcm_decrypt/u_ghash/ghash_reg[48]/D
  -------------------------------------------------------------------    -------------------

                         (clock sys_clk_pin rise edge)
                                                     10.000    10.000 r  
    W5                                                0.000    10.000 r  clk (IN)
                         net (fo=0)                   0.000    10.000    clk
    W5                   IBUF (Prop_ibuf_I_O)         1.388    11.388 r  clk_IBUF_inst/O
                         net (fo=1, routed)           1.862    13.250    clk_IBUF
    BUFGCTRL_X0Y1        BUFG (Prop_bufg_I_O)         0.091    13.341 r  clk_IBUF_BUFG_inst/O
                         net (fo=10966, routed)       1.438    14.779    u_command_decrypt/u_decrypt_ip/u_gcm_decrypt/u_ghash/clk_IBUF_BUFG
    SLICE_X40Y98         FDRE                                         r  u_command_decrypt/u_decrypt_ip/u_gcm_decrypt/u_ghash/ghash_reg[48]/C
                         clock pessimism              0.187    14.966    
                         clock uncertainty           -0.035    14.930    
    SLICE_X40Y98         FDRE (Setup_fdre_C_D)       -0.269    14.661    u_command_decrypt/u_decrypt_ip/u_gcm_decrypt/u_ghash/ghash_reg[48]
  -------------------------------------------------------------------
                         required time                         14.661    
                         arrival time                         -13.549    
  -------------------------------------------------------------------
                         slack                                  1.112    

Slack (MET) :             1.140ns  (required time - arrival time)
  Source:                 u_command_decrypt/u_decrypt_ip/u_gcm_decrypt/u_ghash/bit_index_reg[1]/C
                            (rising edge-triggered cell FDRE clocked by sys_clk_pin  {rise@0.000ns fall@5.000ns period=10.000ns})
  Destination:            u_command_decrypt/u_decrypt_ip/u_gcm_decrypt/u_ghash/z_reg[44]/D
                            (rising edge-triggered cell FDRE clocked by sys_clk_pin  {rise@0.000ns fall@5.000ns period=10.000ns})
  Path Group:             sys_clk_pin
  Path Type:              Setup (Max at Slow Process Corner)
  Requirement:            10.000ns  (sys_clk_pin rise@10.000ns - sys_clk_pin rise@0.000ns)
  Data Path Delay:        8.263ns  (logic 2.046ns (24.760%)  route 6.217ns (75.240%))
  Logic Levels:           6  (LUT3=3 LUT6=2 MUXF7=1)
  Clock Path Skew:        -0.293ns (DCD - SCD + CPR)
    Destination Clock Delay (DCD):    4.779ns = ( 14.779 - 10.000 ) 
    Source Clock Delay      (SCD):    5.258ns
    Clock Pessimism Removal (CPR):    0.187ns
  Clock Uncertainty:      0.035ns  ((TSJ^2 + TIJ^2)^1/2 + DJ) / 2 + PE
    Total System Jitter     (TSJ):    0.071ns
    Total Input Jitter      (TIJ):    0.000ns
    Discrete Jitter          (DJ):    0.000ns
    Phase Error              (PE):    0.000ns

    Location             Delay type                Incr(ns)  Path(ns)    Netlist Resource(s)
  -------------------------------------------------------------------    -------------------
                         (clock sys_clk_pin rise edge)
                                                      0.000     0.000 r  
    W5                                                0.000     0.000 r  clk (IN)
                         net (fo=0)                   0.000     0.000    clk
    W5                   IBUF (Prop_ibuf_I_O)         1.458     1.458 r  clk_IBUF_inst/O
                         net (fo=1, routed)           1.967     3.425    clk_IBUF
    BUFGCTRL_X0Y1        BUFG (Prop_bufg_I_O)         0.096     3.521 r  clk_IBUF_BUFG_inst/O
                         net (fo=10966, routed)       1.737     5.258    u_command_decrypt/u_decrypt_ip/u_gcm_decrypt/u_ghash/clk_IBUF_BUFG
    SLICE_X14Y111        FDRE                                         r  u_command_decrypt/u_decrypt_ip/u_gcm_decrypt/u_ghash/bit_index_reg[1]/C
  -------------------------------------------------------------------    -------------------
    SLICE_X14Y111        FDRE (Prop_fdre_C_Q)         0.518     5.776 r  u_command_decrypt/u_decrypt_ip/u_gcm_decrypt/u_ghash/bit_index_reg[1]/Q
                         net (fo=51, routed)          0.742     6.518    u_command_decrypt/u_decrypt_ip/u_gcm_decrypt/u_ghash/bit_index_reg_n_0_[1]
    SLICE_X15Y111        LUT3 (Prop_lut3_I1_O)        0.154     6.672 r  u_command_decrypt/u_decrypt_ip/u_gcm_decrypt/u_ghash/y[127]_i_43__0/O
                         net (fo=2, routed)           0.894     7.565    u_command_decrypt/u_decrypt_ip/u_gcm_decrypt/u_ghash/y[127]_i_43__0_n_0
    SLICE_X32Y107        MUXF7 (Prop_muxf7_S_O)       0.479     8.044 r  u_command_decrypt/u_decrypt_ip/u_gcm_decrypt/u_ghash/y_reg[127]_i_22/O
                         net (fo=1, routed)           1.334     9.378    u_command_decrypt/u_decrypt_ip/u_gcm_decrypt/u_ghash/y_reg[127]_i_22_n_0
    SLICE_X22Y109        LUT3 (Prop_lut3_I1_O)        0.327     9.705 r  u_command_decrypt/u_decrypt_ip/u_gcm_decrypt/u_ghash/y[127]_i_9__0/O
                         net (fo=1, routed)           0.578    10.283    u_command_decrypt/u_decrypt_ip/u_gcm_decrypt/u_ghash/y[127]_i_9__0_n_0
    SLICE_X22Y110        LUT6 (Prop_lut6_I0_O)        0.326    10.609 r  u_command_decrypt/u_decrypt_ip/u_gcm_decrypt/u_ghash/y[127]_i_5__0/O
                         net (fo=1, routed)           0.493    11.102    u_command_decrypt/u_decrypt_ip/u_gcm_decrypt/u_ghash/y[127]_i_5__0_n_0
    SLICE_X14Y111        LUT6 (Prop_lut6_I0_O)        0.124    11.226 r  u_command_decrypt/u_decrypt_ip/u_gcm_decrypt/u_ghash/y[127]_i_4/O
                         net (fo=256, routed)         1.672    12.898    u_command_decrypt/u_decrypt_ip/u_gcm_decrypt/u_ghash/y[127]_i_4_n_0
    SLICE_X40Y98         LUT3 (Prop_lut3_I1_O)        0.118    13.016 r  u_command_decrypt/u_decrypt_ip/u_gcm_decrypt/u_ghash/z[44]_i_1__0/O
                         net (fo=2, routed)           0.506    13.522    u_command_decrypt/u_decrypt_ip/u_gcm_decrypt/u_ghash/z_step[44]
    SLICE_X40Y97         FDRE                                         r  u_command_decrypt/u_decrypt_ip/u_gcm_decrypt/u_ghash/z_reg[44]/D
  -------------------------------------------------------------------    -------------------

                         (clock sys_clk_pin rise edge)
                                                     10.000    10.000 r  
    W5                                                0.000    10.000 r  clk (IN)
                         net (fo=0)                   0.000    10.000    clk
    W5                   IBUF (Prop_ibuf_I_O)         1.388    11.388 r  clk_IBUF_inst/O
                         net (fo=1, routed)           1.862    13.250    clk_IBUF
    BUFGCTRL_X0Y1        BUFG (Prop_bufg_I_O)         0.091    13.341 r  clk_IBUF_BUFG_inst/O
                         net (fo=10966, routed)       1.438    14.779    u_command_decrypt/u_decrypt_ip/u_gcm_decrypt/u_ghash/clk_IBUF_BUFG
    SLICE_X40Y97         FDRE                                         r  u_command_decrypt/u_decrypt_ip/u_gcm_decrypt/u_ghash/z_reg[44]/C
                         clock pessimism              0.187    14.966    
                         clock uncertainty           -0.035    14.930    
    SLICE_X40Y97         FDRE (Setup_fdre_C_D)       -0.269    14.661    u_command_decrypt/u_decrypt_ip/u_gcm_decrypt/u_ghash/z_reg[44]
  -------------------------------------------------------------------
                         required time                         14.661    
                         arrival time                         -13.522    
  -------------------------------------------------------------------
                         slack                                  1.140    

Slack (MET) :             1.147ns  (required time - arrival time)
  Source:                 u_command_decrypt/u_decrypt_ip/u_gcm_decrypt/u_ghash/bit_index_reg[1]/C
                            (rising edge-triggered cell FDRE clocked by sys_clk_pin  {rise@0.000ns fall@5.000ns period=10.000ns})
  Destination:            u_command_decrypt/u_decrypt_ip/u_gcm_decrypt/u_ghash/ghash_reg[43]/D
                            (rising edge-triggered cell FDRE clocked by sys_clk_pin  {rise@0.000ns fall@5.000ns period=10.000ns})
  Path Group:             sys_clk_pin
  Path Type:              Setup (Max at Slow Process Corner)
  Requirement:            10.000ns  (sys_clk_pin rise@10.000ns - sys_clk_pin rise@0.000ns)
  Data Path Delay:        8.505ns  (logic 2.047ns (24.069%)  route 6.458ns (75.931%))
  Logic Levels:           6  (LUT3=3 LUT6=2 MUXF7=1)
  Clock Path Skew:        -0.047ns (DCD - SCD + CPR)
    Destination Clock Delay (DCD):    4.944ns = ( 14.944 - 10.000 ) 
    Source Clock Delay      (SCD):    5.258ns
    Clock Pessimism Removal (CPR):    0.267ns
  Clock Uncertainty:      0.035ns  ((TSJ^2 + TIJ^2)^1/2 + DJ) / 2 + PE
    Total System Jitter     (TSJ):    0.071ns
    Total Input Jitter      (TIJ):    0.000ns
    Discrete Jitter          (DJ):    0.000ns
    Phase Error              (PE):    0.000ns

    Location             Delay type                Incr(ns)  Path(ns)    Netlist Resource(s)
  -------------------------------------------------------------------    -------------------
                         (clock sys_clk_pin rise edge)
                                                      0.000     0.000 r  
    W5                                                0.000     0.000 r  clk (IN)
                         net (fo=0)                   0.000     0.000    clk
    W5                   IBUF (Prop_ibuf_I_O)         1.458     1.458 r  clk_IBUF_inst/O
                         net (fo=1, routed)           1.967     3.425    clk_IBUF
    BUFGCTRL_X0Y1        BUFG (Prop_bufg_I_O)         0.096     3.521 r  clk_IBUF_BUFG_inst/O
                         net (fo=10966, routed)       1.737     5.258    u_command_decrypt/u_decrypt_ip/u_gcm_decrypt/u_ghash/clk_IBUF_BUFG
    SLICE_X14Y111        FDRE                                         r  u_command_decrypt/u_decrypt_ip/u_gcm_decrypt/u_ghash/bit_index_reg[1]/C
  -------------------------------------------------------------------    -------------------
    SLICE_X14Y111        FDRE (Prop_fdre_C_Q)         0.518     5.776 r  u_command_decrypt/u_decrypt_ip/u_gcm_decrypt/u_ghash/bit_index_reg[1]/Q
                         net (fo=51, routed)          0.742     6.518    u_command_decrypt/u_decrypt_ip/u_gcm_decrypt/u_ghash/bit_index_reg_n_0_[1]
    SLICE_X15Y111        LUT3 (Prop_lut3_I1_O)        0.154     6.672 r  u_command_decrypt/u_decrypt_ip/u_gcm_decrypt/u_ghash/y[127]_i_43__0/O
                         net (fo=2, routed)           0.894     7.565    u_command_decrypt/u_decrypt_ip/u_gcm_decrypt/u_ghash/y[127]_i_43__0_n_0
    SLICE_X32Y107        MUXF7 (Prop_muxf7_S_O)       0.479     8.044 r  u_command_decrypt/u_decrypt_ip/u_gcm_decrypt/u_ghash/y_reg[127]_i_22/O
                         net (fo=1, routed)           1.334     9.378    u_command_decrypt/u_decrypt_ip/u_gcm_decrypt/u_ghash/y_reg[127]_i_22_n_0
    SLICE_X22Y109        LUT3 (Prop_lut3_I1_O)        0.327     9.705 r  u_command_decrypt/u_decrypt_ip/u_gcm_decrypt/u_ghash/y[127]_i_9__0/O
                         net (fo=1, routed)           0.578    10.283    u_command_decrypt/u_decrypt_ip/u_gcm_decrypt/u_ghash/y[127]_i_9__0_n_0
    SLICE_X22Y110        LUT6 (Prop_lut6_I0_O)        0.326    10.609 r  u_command_decrypt/u_decrypt_ip/u_gcm_decrypt/u_ghash/y[127]_i_5__0/O
                         net (fo=1, routed)           0.493    11.102    u_command_decrypt/u_decrypt_ip/u_gcm_decrypt/u_ghash/y[127]_i_5__0_n_0
    SLICE_X14Y111        LUT6 (Prop_lut6_I0_O)        0.124    11.226 r  u_command_decrypt/u_decrypt_ip/u_gcm_decrypt/u_ghash/y[127]_i_4/O
                         net (fo=256, routed)         1.530    12.756    u_command_decrypt/u_decrypt_ip/u_gcm_decrypt/u_ghash/y[127]_i_4_n_0
    SLICE_X37Y102        LUT3 (Prop_lut3_I1_O)        0.119    12.875 r  u_command_decrypt/u_decrypt_ip/u_gcm_decrypt/u_ghash/z[43]_i_1__0/O
                         net (fo=2, routed)           0.888    13.763    u_command_decrypt/u_decrypt_ip/u_gcm_decrypt/u_ghash/z_step[43]
    SLICE_X35Y114        FDRE                                         r  u_command_decrypt/u_decrypt_ip/u_gcm_decrypt/u_ghash/ghash_reg[43]/D
  -------------------------------------------------------------------    -------------------

                         (clock sys_clk_pin rise edge)
                                                     10.000    10.000 r  
    W5                                                0.000    10.000 r  clk (IN)
                         net (fo=0)                   0.000    10.000    clk
    W5                   IBUF (Prop_ibuf_I_O)         1.388    11.388 r  clk_IBUF_inst/O
                         net (fo=1, routed)           1.862    13.250    clk_IBUF
    BUFGCTRL_X0Y1        BUFG (Prop_bufg_I_O)         0.091    13.341 r  clk_IBUF_BUFG_inst/O
                         net (fo=10966, routed)       1.603    14.944    u_command_decrypt/u_decrypt_ip/u_gcm_decrypt/u_ghash/clk_IBUF_BUFG
    SLICE_X35Y114        FDRE                                         r  u_command_decrypt/u_decrypt_ip/u_gcm_decrypt/u_ghash/ghash_reg[43]/C
                         clock pessimism              0.267    15.211    
                         clock uncertainty           -0.035    15.176    
    SLICE_X35Y114        FDRE (Setup_fdre_C_D)       -0.266    14.910    u_command_decrypt/u_decrypt_ip/u_gcm_decrypt/u_ghash/ghash_reg[43]
  -------------------------------------------------------------------
                         required time                         14.910    
                         arrival time                         -13.763    
  -------------------------------------------------------------------
                         slack                                  1.147    

Slack (MET) :             1.183ns  (required time - arrival time)
  Source:                 u_command_decrypt/u_decrypt_ip/u_gcm_decrypt/u_ghash/bit_index_reg[1]/C
                            (rising edge-triggered cell FDRE clocked by sys_clk_pin  {rise@0.000ns fall@5.000ns period=10.000ns})
  Destination:            u_command_decrypt/u_decrypt_ip/u_gcm_decrypt/u_ghash/ghash_reg[100]/D
                            (rising edge-triggered cell FDRE clocked by sys_clk_pin  {rise@0.000ns fall@5.000ns period=10.000ns})
  Path Group:             sys_clk_pin
  Path Type:              Setup (Max at Slow Process Corner)
  Requirement:            10.000ns  (sys_clk_pin rise@10.000ns - sys_clk_pin rise@0.000ns)
  Data Path Delay:        8.411ns  (logic 2.044ns (24.302%)  route 6.367ns (75.698%))
  Logic Levels:           6  (LUT3=3 LUT6=2 MUXF7=1)
  Clock Path Skew:        -0.052ns (DCD - SCD + CPR)
    Destination Clock Delay (DCD):    4.939ns = ( 14.939 - 10.000 ) 
    Source Clock Delay      (SCD):    5.258ns
    Clock Pessimism Removal (CPR):    0.267ns
  Clock Uncertainty:      0.035ns  ((TSJ^2 + TIJ^2)^1/2 + DJ) / 2 + PE
    Total System Jitter     (TSJ):    0.071ns
    Total Input Jitter      (TIJ):    0.000ns
    Discrete Jitter          (DJ):    0.000ns
    Phase Error              (PE):    0.000ns

    Location             Delay type                Incr(ns)  Path(ns)    Netlist Resource(s)
  -------------------------------------------------------------------    -------------------
                         (clock sys_clk_pin rise edge)
                                                      0.000     0.000 r  
    W5                                                0.000     0.000 r  clk (IN)
                         net (fo=0)                   0.000     0.000    clk
    W5                   IBUF (Prop_ibuf_I_O)         1.458     1.458 r  clk_IBUF_inst/O
                         net (fo=1, routed)           1.967     3.425    clk_IBUF
    BUFGCTRL_X0Y1        BUFG (Prop_bufg_I_O)         0.096     3.521 r  clk_IBUF_BUFG_inst/O
                         net (fo=10966, routed)       1.737     5.258    u_command_decrypt/u_decrypt_ip/u_gcm_decrypt/u_ghash/clk_IBUF_BUFG
    SLICE_X14Y111        FDRE                                         r  u_command_decrypt/u_decrypt_ip/u_gcm_decrypt/u_ghash/bit_index_reg[1]/C
  -------------------------------------------------------------------    -------------------
    SLICE_X14Y111        FDRE (Prop_fdre_C_Q)         0.518     5.776 r  u_command_decrypt/u_decrypt_ip/u_gcm_decrypt/u_ghash/bit_index_reg[1]/Q
                         net (fo=51, routed)          0.742     6.518    u_command_decrypt/u_decrypt_ip/u_gcm_decrypt/u_ghash/bit_index_reg_n_0_[1]
    SLICE_X15Y111        LUT3 (Prop_lut3_I1_O)        0.154     6.672 r  u_command_decrypt/u_decrypt_ip/u_gcm_decrypt/u_ghash/y[127]_i_43__0/O
                         net (fo=2, routed)           0.894     7.565    u_command_decrypt/u_decrypt_ip/u_gcm_decrypt/u_ghash/y[127]_i_43__0_n_0
    SLICE_X32Y107        MUXF7 (Prop_muxf7_S_O)       0.479     8.044 r  u_command_decrypt/u_decrypt_ip/u_gcm_decrypt/u_ghash/y_reg[127]_i_22/O
                         net (fo=1, routed)           1.334     9.378    u_command_decrypt/u_decrypt_ip/u_gcm_decrypt/u_ghash/y_reg[127]_i_22_n_0
    SLICE_X22Y109        LUT3 (Prop_lut3_I1_O)        0.327     9.705 r  u_command_decrypt/u_decrypt_ip/u_gcm_decrypt/u_ghash/y[127]_i_9__0/O
                         net (fo=1, routed)           0.578    10.283    u_command_decrypt/u_decrypt_ip/u_gcm_decrypt/u_ghash/y[127]_i_9__0_n_0
    SLICE_X22Y110        LUT6 (Prop_lut6_I0_O)        0.326    10.609 r  u_command_decrypt/u_decrypt_ip/u_gcm_decrypt/u_ghash/y[127]_i_5__0/O
                         net (fo=1, routed)           0.493    11.102    u_command_decrypt/u_decrypt_ip/u_gcm_decrypt/u_ghash/y[127]_i_5__0_n_0
    SLICE_X14Y111        LUT6 (Prop_lut6_I0_O)        0.124    11.226 r  u_command_decrypt/u_decrypt_ip/u_gcm_decrypt/u_ghash/y[127]_i_4/O
                         net (fo=256, routed)         1.209    12.435    u_command_decrypt/u_decrypt_ip/u_gcm_decrypt/u_ghash/y[127]_i_4_n_0
    SLICE_X8Y123         LUT3 (Prop_lut3_I1_O)        0.116    12.551 r  u_command_decrypt/u_decrypt_ip/u_gcm_decrypt/u_ghash/z[100]_i_1__0/O
                         net (fo=2, routed)           1.118    13.669    u_command_decrypt/u_decrypt_ip/u_gcm_decrypt/u_ghash/z_step[100]
    SLICE_X26Y122        FDRE                                         r  u_command_decrypt/u_decrypt_ip/u_gcm_decrypt/u_ghash/ghash_reg[100]/D
  -------------------------------------------------------------------    -------------------

                         (clock sys_clk_pin rise edge)
                                                     10.000    10.000 r  
    W5                                                0.000    10.000 r  clk (IN)
                         net (fo=0)                   0.000    10.000    clk
    W5                   IBUF (Prop_ibuf_I_O)         1.388    11.388 r  clk_IBUF_inst/O
                         net (fo=1, routed)           1.862    13.250    clk_IBUF
    BUFGCTRL_X0Y1        BUFG (Prop_bufg_I_O)         0.091    13.341 r  clk_IBUF_BUFG_inst/O
                         net (fo=10966, routed)       1.598    14.939    u_command_decrypt/u_decrypt_ip/u_gcm_decrypt/u_ghash/clk_IBUF_BUFG
    SLICE_X26Y122        FDRE                                         r  u_command_decrypt/u_decrypt_ip/u_gcm_decrypt/u_ghash/ghash_reg[100]/C
                         clock pessimism              0.267    15.206    
                         clock uncertainty           -0.035    15.171    
    SLICE_X26Y122        FDRE (Setup_fdre_C_D)       -0.319    14.852    u_command_decrypt/u_decrypt_ip/u_gcm_decrypt/u_ghash/ghash_reg[100]
  -------------------------------------------------------------------
                         required time                         14.852    
                         arrival time                         -13.669    
  -------------------------------------------------------------------
                         slack                                  1.183    

Slack (MET) :             1.226ns  (required time - arrival time)
  Source:                 u_command_decrypt/u_decrypt_ip/u_gcm_decrypt/u_ghash/bit_index_reg[1]/C
                            (rising edge-triggered cell FDRE clocked by sys_clk_pin  {rise@0.000ns fall@5.000ns period=10.000ns})
  Destination:            u_command_decrypt/u_decrypt_ip/u_gcm_decrypt/u_ghash/ghash_reg[45]/D
                            (rising edge-triggered cell FDRE clocked by sys_clk_pin  {rise@0.000ns fall@5.000ns period=10.000ns})
  Path Group:             sys_clk_pin
  Path Type:              Setup (Max at Slow Process Corner)
  Requirement:            10.000ns  (sys_clk_pin rise@10.000ns - sys_clk_pin rise@0.000ns)
  Data Path Delay:        8.459ns  (logic 2.046ns (24.186%)  route 6.413ns (75.814%))
  Logic Levels:           6  (LUT3=3 LUT6=2 MUXF7=1)
  Clock Path Skew:        -0.049ns (DCD - SCD + CPR)
    Destination Clock Delay (DCD):    4.942ns = ( 14.942 - 10.000 ) 
    Source Clock Delay      (SCD):    5.258ns
    Clock Pessimism Removal (CPR):    0.267ns
  Clock Uncertainty:      0.035ns  ((TSJ^2 + TIJ^2)^1/2 + DJ) / 2 + PE
    Total System Jitter     (TSJ):    0.071ns
    Total Input Jitter      (TIJ):    0.000ns
    Discrete Jitter          (DJ):    0.000ns
    Phase Error              (PE):    0.000ns

    Location             Delay type                Incr(ns)  Path(ns)    Netlist Resource(s)
  -------------------------------------------------------------------    -------------------
                         (clock sys_clk_pin rise edge)
                                                      0.000     0.000 r  
    W5                                                0.000     0.000 r  clk (IN)
                         net (fo=0)                   0.000     0.000    clk
    W5                   IBUF (Prop_ibuf_I_O)         1.458     1.458 r  clk_IBUF_inst/O
                         net (fo=1, routed)           1.967     3.425    clk_IBUF
    BUFGCTRL_X0Y1        BUFG (Prop_bufg_I_O)         0.096     3.521 r  clk_IBUF_BUFG_inst/O
                         net (fo=10966, routed)       1.737     5.258    u_command_decrypt/u_decrypt_ip/u_gcm_decrypt/u_ghash/clk_IBUF_BUFG
    SLICE_X14Y111        FDRE                                         r  u_command_decrypt/u_decrypt_ip/u_gcm_decrypt/u_ghash/bit_index_reg[1]/C
  -------------------------------------------------------------------    -------------------
    SLICE_X14Y111        FDRE (Prop_fdre_C_Q)         0.518     5.776 r  u_command_decrypt/u_decrypt_ip/u_gcm_decrypt/u_ghash/bit_index_reg[1]/Q
                         net (fo=51, routed)          0.742     6.518    u_command_decrypt/u_decrypt_ip/u_gcm_decrypt/u_ghash/bit_index_reg_n_0_[1]
    SLICE_X15Y111        LUT3 (Prop_lut3_I1_O)        0.154     6.672 r  u_command_decrypt/u_decrypt_ip/u_gcm_decrypt/u_ghash/y[127]_i_43__0/O
                         net (fo=2, routed)           0.894     7.565    u_command_decrypt/u_decrypt_ip/u_gcm_decrypt/u_ghash/y[127]_i_43__0_n_0
    SLICE_X32Y107        MUXF7 (Prop_muxf7_S_O)       0.479     8.044 r  u_command_decrypt/u_decrypt_ip/u_gcm_decrypt/u_ghash/y_reg[127]_i_22/O
                         net (fo=1, routed)           1.334     9.378    u_command_decrypt/u_decrypt_ip/u_gcm_decrypt/u_ghash/y_reg[127]_i_22_n_0
    SLICE_X22Y109        LUT3 (Prop_lut3_I1_O)        0.327     9.705 r  u_command_decrypt/u_decrypt_ip/u_gcm_decrypt/u_ghash/y[127]_i_9__0/O
                         net (fo=1, routed)           0.578    10.283    u_command_decrypt/u_decrypt_ip/u_gcm_decrypt/u_ghash/y[127]_i_9__0_n_0
    SLICE_X22Y110        LUT6 (Prop_lut6_I0_O)        0.326    10.609 r  u_command_decrypt/u_decrypt_ip/u_gcm_decrypt/u_ghash/y[127]_i_5__0/O
                         net (fo=1, routed)           0.493    11.102    u_command_decrypt/u_decrypt_ip/u_gcm_decrypt/u_ghash/y[127]_i_5__0_n_0
    SLICE_X14Y111        LUT6 (Prop_lut6_I0_O)        0.124    11.226 r  u_command_decrypt/u_decrypt_ip/u_gcm_decrypt/u_ghash/y[127]_i_4/O
                         net (fo=256, routed)         1.481    12.707    u_command_decrypt/u_decrypt_ip/u_gcm_decrypt/u_ghash/y[127]_i_4_n_0
    SLICE_X36Y106        LUT3 (Prop_lut3_I1_O)        0.118    12.825 r  u_command_decrypt/u_decrypt_ip/u_gcm_decrypt/u_ghash/z[45]_i_1__0/O
                         net (fo=2, routed)           0.893    13.718    u_command_decrypt/u_decrypt_ip/u_gcm_decrypt/u_ghash/z_step[45]
    SLICE_X34Y116        FDRE                                         r  u_command_decrypt/u_decrypt_ip/u_gcm_decrypt/u_ghash/ghash_reg[45]/D
  -------------------------------------------------------------------    -------------------

                         (clock sys_clk_pin rise edge)
                                                     10.000    10.000 r  
    W5                                                0.000    10.000 r  clk (IN)
                         net (fo=0)                   0.000    10.000    clk
    W5                   IBUF (Prop_ibuf_I_O)         1.388    11.388 r  clk_IBUF_inst/O
                         net (fo=1, routed)           1.862    13.250    clk_IBUF
    BUFGCTRL_X0Y1        BUFG (Prop_bufg_I_O)         0.091    13.341 r  clk_IBUF_BUFG_inst/O
                         net (fo=10966, routed)       1.601    14.942    u_command_decrypt/u_decrypt_ip/u_gcm_decrypt/u_ghash/clk_IBUF_BUFG
    SLICE_X34Y116        FDRE                                         r  u_command_decrypt/u_decrypt_ip/u_gcm_decrypt/u_ghash/ghash_reg[45]/C
                         clock pessimism              0.267    15.209    
                         clock uncertainty           -0.035    15.174    
    SLICE_X34Y116        FDRE (Setup_fdre_C_D)       -0.230    14.944    u_command_decrypt/u_decrypt_ip/u_gcm_decrypt/u_ghash/ghash_reg[45]
  -------------------------------------------------------------------
                         required time                         14.944    
                         arrival time                         -13.718    
  -------------------------------------------------------------------
                         slack                                  1.226    





Min Delay Paths
--------------------------------------------------------------------------------------
Slack (MET) :             0.012ns  (arrival time - required time)
  Source:                 u_command_decrypt/u_decrypt_ip/u_key_schedule/round_keys_reg[882]/C
                            (rising edge-triggered cell FDRE clocked by sys_clk_pin  {rise@0.000ns fall@5.000ns period=10.000ns})
  Destination:            u_command_decrypt/u_decrypt_ip/u_gcm_decrypt/u_aes_encrypt/u_encrypt_core/stage_state_reg[3][114]/D
                            (rising edge-triggered cell FDRE clocked by sys_clk_pin  {rise@0.000ns fall@5.000ns period=10.000ns})
  Path Group:             sys_clk_pin
  Path Type:              Hold (Min at Fast Process Corner)
  Requirement:            0.000ns  (sys_clk_pin rise@0.000ns - sys_clk_pin rise@0.000ns)
  Data Path Delay:        0.369ns  (logic 0.209ns (56.611%)  route 0.160ns (43.389%))
  Logic Levels:           1  (LUT6=1)
  Clock Path Skew:        0.265ns (DCD - SCD - CPR)
    Destination Clock Delay (DCD):    2.043ns
    Source Clock Delay      (SCD):    1.525ns
    Clock Pessimism Removal (CPR):    0.253ns

    Location             Delay type                Incr(ns)  Path(ns)    Netlist Resource(s)
  -------------------------------------------------------------------    -------------------
                         (clock sys_clk_pin rise edge)
                                                      0.000     0.000 r  
    W5                                                0.000     0.000 r  clk (IN)
                         net (fo=0)                   0.000     0.000    clk
    W5                   IBUF (Prop_ibuf_I_O)         0.226     0.226 r  clk_IBUF_inst/O
                         net (fo=1, routed)           0.631     0.858    clk_IBUF
    BUFGCTRL_X0Y1        BUFG (Prop_bufg_I_O)         0.026     0.884 r  clk_IBUF_BUFG_inst/O
                         net (fo=10966, routed)       0.641     1.525    u_command_decrypt/u_decrypt_ip/u_key_schedule/clk_IBUF_BUFG
    SLICE_X34Y140        FDRE                                         r  u_command_decrypt/u_decrypt_ip/u_key_schedule/round_keys_reg[882]/C
  -------------------------------------------------------------------    -------------------
    SLICE_X34Y140        FDRE (Prop_fdre_C_Q)         0.164     1.689 r  u_command_decrypt/u_decrypt_ip/u_key_schedule/round_keys_reg[882]/Q
                         net (fo=1, routed)           0.160     1.849    u_command_decrypt/u_decrypt_ip/u_gcm_decrypt/u_aes_encrypt/u_encrypt_core/stage_state[0][119]_i_15_0[471]
    SLICE_X36Y140        LUT6 (Prop_lut6_I5_O)        0.045     1.894 r  u_command_decrypt/u_decrypt_ip/u_gcm_decrypt/u_aes_encrypt/u_encrypt_core/stage_state[3][114]_i_1/O
                         net (fo=1, routed)           0.000     1.894    u_command_decrypt/u_decrypt_ip/u_gcm_decrypt/u_aes_encrypt/u_encrypt_core/round_output[3]_4[114]
    SLICE_X36Y140        FDRE                                         r  u_command_decrypt/u_decrypt_ip/u_gcm_decrypt/u_aes_encrypt/u_encrypt_core/stage_state_reg[3][114]/D
  -------------------------------------------------------------------    -------------------

                         (clock sys_clk_pin rise edge)
                                                      0.000     0.000 r  
    W5                                                0.000     0.000 r  clk (IN)
                         net (fo=0)                   0.000     0.000    clk
    W5                   IBUF (Prop_ibuf_I_O)         0.414     0.414 r  clk_IBUF_inst/O
                         net (fo=1, routed)           0.685     1.099    clk_IBUF
    BUFGCTRL_X0Y1        BUFG (Prop_bufg_I_O)         0.029     1.128 r  clk_IBUF_BUFG_inst/O
                         net (fo=10966, routed)       0.915     2.043    u_command_decrypt/u_decrypt_ip/u_gcm_decrypt/u_aes_encrypt/u_encrypt_core/clk_IBUF_BUFG
    SLICE_X36Y140        FDRE                                         r  u_command_decrypt/u_decrypt_ip/u_gcm_decrypt/u_aes_encrypt/u_encrypt_core/stage_state_reg[3][114]/C
                         clock pessimism             -0.253     1.789    
    SLICE_X36Y140        FDRE (Hold_fdre_C_D)         0.092     1.881    u_command_decrypt/u_decrypt_ip/u_gcm_decrypt/u_aes_encrypt/u_encrypt_core/stage_state_reg[3][114]
  -------------------------------------------------------------------
                         required time                         -1.881    
                         arrival time                           1.894    
  -------------------------------------------------------------------
                         slack                                  0.012    

Slack (MET) :             0.019ns  (arrival time - required time)
  Source:                 u_command_decrypt/u_decrypt_ip/u_key_schedule/round_keys_reg[518]/C
                            (rising edge-triggered cell FDRE clocked by sys_clk_pin  {rise@0.000ns fall@5.000ns period=10.000ns})
  Destination:            u_command_decrypt/u_decrypt_ip/u_gcm_decrypt/u_aes_encrypt/u_encrypt_core/stage_state_reg[5][6]/D
                            (rising edge-triggered cell FDRE clocked by sys_clk_pin  {rise@0.000ns fall@5.000ns period=10.000ns})
  Path Group:             sys_clk_pin
  Path Type:              Hold (Min at Fast Process Corner)
  Requirement:            0.000ns  (sys_clk_pin rise@0.000ns - sys_clk_pin rise@0.000ns)
  Data Path Delay:        0.374ns  (logic 0.226ns (60.397%)  route 0.148ns (39.603%))
  Logic Levels:           1  (LUT6=1)
  Clock Path Skew:        0.263ns (DCD - SCD - CPR)
    Destination Clock Delay (DCD):    2.032ns
    Source Clock Delay      (SCD):    1.516ns
    Clock Pessimism Removal (CPR):    0.253ns

    Location             Delay type                Incr(ns)  Path(ns)    Netlist Resource(s)
  -------------------------------------------------------------------    -------------------
                         (clock sys_clk_pin rise edge)
                                                      0.000     0.000 r  
    W5                                                0.000     0.000 r  clk (IN)
                         net (fo=0)                   0.000     0.000    clk
    W5                   IBUF (Prop_ibuf_I_O)         0.226     0.226 r  clk_IBUF_inst/O
                         net (fo=1, routed)           0.631     0.858    clk_IBUF
    BUFGCTRL_X0Y1        BUFG (Prop_bufg_I_O)         0.026     0.884 r  clk_IBUF_BUFG_inst/O
                         net (fo=10966, routed)       0.632     1.516    u_command_decrypt/u_decrypt_ip/u_key_schedule/clk_IBUF_BUFG
    SLICE_X35Y128        FDRE                                         r  u_command_decrypt/u_decrypt_ip/u_key_schedule/round_keys_reg[518]/C
  -------------------------------------------------------------------    -------------------
    SLICE_X35Y128        FDRE (Prop_fdre_C_Q)         0.128     1.644 r  u_command_decrypt/u_decrypt_ip/u_key_schedule/round_keys_reg[518]/Q
                         net (fo=1, routed)           0.148     1.792    u_command_decrypt/u_decrypt_ip/u_gcm_decrypt/u_aes_encrypt/u_encrypt_core/stage_state[0][119]_i_15_0[243]
    SLICE_X37Y128        LUT6 (Prop_lut6_I5_O)        0.098     1.890 r  u_command_decrypt/u_decrypt_ip/u_gcm_decrypt/u_aes_encrypt/u_encrypt_core/stage_state[5][6]_i_1/O
                         net (fo=1, routed)           0.000     1.890    u_command_decrypt/u_decrypt_ip/u_gcm_decrypt/u_aes_encrypt/u_encrypt_core/round_output[5]_6[6]
    SLICE_X37Y128        FDRE                                         r  u_command_decrypt/u_decrypt_ip/u_gcm_decrypt/u_aes_encrypt/u_encrypt_core/stage_state_reg[5][6]/D
  -------------------------------------------------------------------    -------------------

                         (clock sys_clk_pin rise edge)
                                                      0.000     0.000 r  
    W5                                                0.000     0.000 r  clk (IN)
                         net (fo=0)                   0.000     0.000    clk
    W5                   IBUF (Prop_ibuf_I_O)         0.414     0.414 r  clk_IBUF_inst/O
                         net (fo=1, routed)           0.685     1.099    clk_IBUF
    BUFGCTRL_X0Y1        BUFG (Prop_bufg_I_O)         0.029     1.128 r  clk_IBUF_BUFG_inst/O
                         net (fo=10966, routed)       0.904     2.032    u_command_decrypt/u_decrypt_ip/u_gcm_decrypt/u_aes_encrypt/u_encrypt_core/clk_IBUF_BUFG
    SLICE_X37Y128        FDRE                                         r  u_command_decrypt/u_decrypt_ip/u_gcm_decrypt/u_aes_encrypt/u_encrypt_core/stage_state_reg[5][6]/C
                         clock pessimism             -0.253     1.778    
    SLICE_X37Y128        FDRE (Hold_fdre_C_D)         0.092     1.870    u_command_decrypt/u_decrypt_ip/u_gcm_decrypt/u_aes_encrypt/u_encrypt_core/stage_state_reg[5][6]
  -------------------------------------------------------------------
                         required time                         -1.870    
                         arrival time                           1.890    
  -------------------------------------------------------------------
                         slack                                  0.019    

Slack (MET) :             0.033ns  (arrival time - required time)
  Source:                 u_status_encrypt/u_encrypt_ip/u_key_schedule/round_keys_reg[244]/C
                            (rising edge-triggered cell FDRE clocked by sys_clk_pin  {rise@0.000ns fall@5.000ns period=10.000ns})
  Destination:            u_status_encrypt/u_encrypt_ip/u_gcm_encrypt/u_aes_encrypt/u_encrypt_core/stage_state_reg[8][116]/D
                            (rising edge-triggered cell FDRE clocked by sys_clk_pin  {rise@0.000ns fall@5.000ns period=10.000ns})
  Path Group:             sys_clk_pin
  Path Type:              Hold (Min at Fast Process Corner)
  Requirement:            0.000ns  (sys_clk_pin rise@0.000ns - sys_clk_pin rise@0.000ns)
  Data Path Delay:        0.387ns  (logic 0.186ns (48.095%)  route 0.201ns (51.905%))
  Logic Levels:           1  (LUT2=1)
  Clock Path Skew:        0.262ns (DCD - SCD - CPR)
    Destination Clock Delay (DCD):    1.949ns
    Source Clock Delay      (SCD):    1.438ns
    Clock Pessimism Removal (CPR):    0.249ns

    Location             Delay type                Incr(ns)  Path(ns)    Netlist Resource(s)
  -------------------------------------------------------------------    -------------------
                         (clock sys_clk_pin rise edge)
                                                      0.000     0.000 r  
    W5                                                0.000     0.000 r  clk (IN)
                         net (fo=0)                   0.000     0.000    clk
    W5                   IBUF (Prop_ibuf_I_O)         0.226     0.226 r  clk_IBUF_inst/O
                         net (fo=1, routed)           0.631     0.858    clk_IBUF
    BUFGCTRL_X0Y1        BUFG (Prop_bufg_I_O)         0.026     0.884 r  clk_IBUF_BUFG_inst/O
                         net (fo=10966, routed)       0.555     1.438    u_status_encrypt/u_encrypt_ip/u_key_schedule/clk_IBUF_BUFG
    SLICE_X36Y82         FDRE                                         r  u_status_encrypt/u_encrypt_ip/u_key_schedule/round_keys_reg[244]/C
  -------------------------------------------------------------------    -------------------
    SLICE_X36Y82         FDRE (Prop_fdre_C_Q)         0.141     1.579 r  u_status_encrypt/u_encrypt_ip/u_key_schedule/round_keys_reg[244]/Q
                         net (fo=1, routed)           0.201     1.780    u_status_encrypt/u_encrypt_ip/u_key_schedule/round_keys[244]
    SLICE_X33Y82         LUT2 (Prop_lut2_I0_O)        0.045     1.825 r  u_status_encrypt/u_encrypt_ip/u_key_schedule/stage_state[8][116]_i_1__0/O
                         net (fo=1, routed)           0.000     1.825    u_status_encrypt/u_encrypt_ip/u_gcm_encrypt/u_aes_encrypt/u_encrypt_core/stage_state_reg[8][124]_0[44]
    SLICE_X33Y82         FDRE                                         r  u_status_encrypt/u_encrypt_ip/u_gcm_encrypt/u_aes_encrypt/u_encrypt_core/stage_state_reg[8][116]/D
  -------------------------------------------------------------------    -------------------

                         (clock sys_clk_pin rise edge)
                                                      0.000     0.000 r  
    W5                                                0.000     0.000 r  clk (IN)
                         net (fo=0)                   0.000     0.000    clk
    W5                   IBUF (Prop_ibuf_I_O)         0.414     0.414 r  clk_IBUF_inst/O
                         net (fo=1, routed)           0.685     1.099    clk_IBUF
    BUFGCTRL_X0Y1        BUFG (Prop_bufg_I_O)         0.029     1.128 r  clk_IBUF_BUFG_inst/O
                         net (fo=10966, routed)       0.821     1.949    u_status_encrypt/u_encrypt_ip/u_gcm_encrypt/u_aes_encrypt/u_encrypt_core/clk_IBUF_BUFG
    SLICE_X33Y82         FDRE                                         r  u_status_encrypt/u_encrypt_ip/u_gcm_encrypt/u_aes_encrypt/u_encrypt_core/stage_state_reg[8][116]/C
                         clock pessimism             -0.249     1.700    
    SLICE_X33Y82         FDRE (Hold_fdre_C_D)         0.092     1.792    u_status_encrypt/u_encrypt_ip/u_gcm_encrypt/u_aes_encrypt/u_encrypt_core/stage_state_reg[8][116]
  -------------------------------------------------------------------
                         required time                         -1.792    
                         arrival time                           1.825    
  -------------------------------------------------------------------
                         slack                                  0.033    

Slack (MET) :             0.033ns  (arrival time - required time)
  Source:                 u_spi_slave/rx_shift_reg[22]/C
                            (rising edge-triggered cell FDCE clocked by sys_clk_pin  {rise@0.000ns fall@5.000ns period=10.000ns})
  Destination:            u_spi_slave/rx_data_reg[23]/D
                            (rising edge-triggered cell FDCE clocked by sys_clk_pin  {rise@0.000ns fall@5.000ns period=10.000ns})
  Path Group:             sys_clk_pin
  Path Type:              Hold (Min at Fast Process Corner)
  Requirement:            0.000ns  (sys_clk_pin rise@0.000ns - sys_clk_pin rise@0.000ns)
  Data Path Delay:        0.359ns  (logic 0.141ns (39.283%)  route 0.218ns (60.717%))
  Logic Levels:           0  
  Clock Path Skew:        0.266ns (DCD - SCD - CPR)
    Destination Clock Delay (DCD):    2.045ns
    Source Clock Delay      (SCD):    1.526ns
    Clock Pessimism Removal (CPR):    0.253ns

    Location             Delay type                Incr(ns)  Path(ns)    Netlist Resource(s)
  -------------------------------------------------------------------    -------------------
                         (clock sys_clk_pin rise edge)
                                                      0.000     0.000 r  
    W5                                                0.000     0.000 r  clk (IN)
                         net (fo=0)                   0.000     0.000    clk
    W5                   IBUF (Prop_ibuf_I_O)         0.226     0.226 r  clk_IBUF_inst/O
                         net (fo=1, routed)           0.631     0.858    clk_IBUF
    BUFGCTRL_X0Y1        BUFG (Prop_bufg_I_O)         0.026     0.884 r  clk_IBUF_BUFG_inst/O
                         net (fo=10966, routed)       0.642     1.526    u_spi_slave/clk_IBUF_BUFG
    SLICE_X37Y103        FDCE                                         r  u_spi_slave/rx_shift_reg[22]/C
  -------------------------------------------------------------------    -------------------
    SLICE_X37Y103        FDCE (Prop_fdce_C_Q)         0.141     1.667 r  u_spi_slave/rx_shift_reg[22]/Q
                         net (fo=2, routed)           0.218     1.885    u_spi_slave/p_0_in[23]
    SLICE_X34Y101        FDCE                                         r  u_spi_slave/rx_data_reg[23]/D
  -------------------------------------------------------------------    -------------------

                         (clock sys_clk_pin rise edge)
                                                      0.000     0.000 r  
    W5                                                0.000     0.000 r  clk (IN)
                         net (fo=0)                   0.000     0.000    clk
    W5                   IBUF (Prop_ibuf_I_O)         0.414     0.414 r  clk_IBUF_inst/O
                         net (fo=1, routed)           0.685     1.099    clk_IBUF
    BUFGCTRL_X0Y1        BUFG (Prop_bufg_I_O)         0.029     1.128 r  clk_IBUF_BUFG_inst/O
                         net (fo=10966, routed)       0.917     2.045    u_spi_slave/clk_IBUF_BUFG
    SLICE_X34Y101        FDCE                                         r  u_spi_slave/rx_data_reg[23]/C
                         clock pessimism             -0.253     1.791    
    SLICE_X34Y101        FDCE (Hold_fdce_C_D)         0.060     1.851    u_spi_slave/rx_data_reg[23]
  -------------------------------------------------------------------
                         required time                         -1.851    
                         arrival time                           1.885    
  -------------------------------------------------------------------
                         slack                                  0.033    

Slack (MET) :             0.036ns  (arrival time - required time)
  Source:                 u_command_decrypt/u_decrypt_ip/u_gcm_decrypt/u_ghash/h_reg_reg[54]/C
                            (rising edge-triggered cell FDRE clocked by sys_clk_pin  {rise@0.000ns fall@5.000ns period=10.000ns})
  Destination:            u_command_decrypt/u_decrypt_ip/u_gcm_decrypt/u_ghash/v_reg[54]/D
                            (rising edge-triggered cell FDRE clocked by sys_clk_pin  {rise@0.000ns fall@5.000ns period=10.000ns})
  Path Group:             sys_clk_pin
  Path Type:              Hold (Min at Fast Process Corner)
  Requirement:            0.000ns  (sys_clk_pin rise@0.000ns - sys_clk_pin rise@0.000ns)
  Data Path Delay:        0.393ns  (logic 0.186ns (47.381%)  route 0.207ns (52.619%))
  Logic Levels:           1  (LUT5=1)
  Clock Path Skew:        0.265ns (DCD - SCD - CPR)
    Destination Clock Delay (DCD):    2.045ns
    Source Clock Delay      (SCD):    1.527ns
    Clock Pessimism Removal (CPR):    0.253ns

    Location             Delay type                Incr(ns)  Path(ns)    Netlist Resource(s)
  -------------------------------------------------------------------    -------------------
                         (clock sys_clk_pin rise edge)
                                                      0.000     0.000 r  
    W5                                                0.000     0.000 r  clk (IN)
                         net (fo=0)                   0.000     0.000    clk
    W5                   IBUF (Prop_ibuf_I_O)         0.226     0.226 r  clk_IBUF_inst/O
                         net (fo=1, routed)           0.631     0.858    clk_IBUF
    BUFGCTRL_X0Y1        BUFG (Prop_bufg_I_O)         0.026     0.884 r  clk_IBUF_BUFG_inst/O
                         net (fo=10966, routed)       0.643     1.527    u_command_decrypt/u_decrypt_ip/u_gcm_decrypt/u_ghash/clk_IBUF_BUFG
    SLICE_X35Y101        FDRE                                         r  u_command_decrypt/u_decrypt_ip/u_gcm_decrypt/u_ghash/h_reg_reg[54]/C
  -------------------------------------------------------------------    -------------------
    SLICE_X35Y101        FDRE (Prop_fdre_C_Q)         0.141     1.668 r  u_command_decrypt/u_decrypt_ip/u_gcm_decrypt/u_ghash/h_reg_reg[54]/Q
                         net (fo=1, routed)           0.207     1.874    u_command_decrypt/u_decrypt_ip/u_gcm_decrypt/u_ghash/h_reg[54]
    SLICE_X41Y101        LUT5 (Prop_lut5_I2_O)        0.045     1.919 r  u_command_decrypt/u_decrypt_ip/u_gcm_decrypt/u_ghash/v[54]_i_1__0/O
                         net (fo=1, routed)           0.000     1.919    u_command_decrypt/u_decrypt_ip/u_gcm_decrypt/u_ghash/p_2_in[54]
    SLICE_X41Y101        FDRE                                         r  u_command_decrypt/u_decrypt_ip/u_gcm_decrypt/u_ghash/v_reg[54]/D
  -------------------------------------------------------------------    -------------------

                         (clock sys_clk_pin rise edge)
                                                      0.000     0.000 r  
    W5                                                0.000     0.000 r  clk (IN)
                         net (fo=0)                   0.000     0.000    clk
    W5                   IBUF (Prop_ibuf_I_O)         0.414     0.414 r  clk_IBUF_inst/O
                         net (fo=1, routed)           0.685     1.099    clk_IBUF
    BUFGCTRL_X0Y1        BUFG (Prop_bufg_I_O)         0.029     1.128 r  clk_IBUF_BUFG_inst/O
                         net (fo=10966, routed)       0.917     2.045    u_command_decrypt/u_decrypt_ip/u_gcm_decrypt/u_ghash/clk_IBUF_BUFG
    SLICE_X41Y101        FDRE                                         r  u_command_decrypt/u_decrypt_ip/u_gcm_decrypt/u_ghash/v_reg[54]/C
                         clock pessimism             -0.253     1.791    
    SLICE_X41Y101        FDRE (Hold_fdre_C_D)         0.092     1.883    u_command_decrypt/u_decrypt_ip/u_gcm_decrypt/u_ghash/v_reg[54]
  -------------------------------------------------------------------
                         required time                         -1.883    
                         arrival time                           1.919    
  -------------------------------------------------------------------
                         slack                                  0.036    

Slack (MET) :             0.038ns  (arrival time - required time)
  Source:                 u_command_decrypt/u_decrypt_ip/u_key_schedule/round_keys_reg[886]/C
                            (rising edge-triggered cell FDRE clocked by sys_clk_pin  {rise@0.000ns fall@5.000ns period=10.000ns})
  Destination:            u_command_decrypt/u_decrypt_ip/u_gcm_decrypt/u_aes_encrypt/u_encrypt_core/stage_state_reg[3][118]/D
                            (rising edge-triggered cell FDRE clocked by sys_clk_pin  {rise@0.000ns fall@5.000ns period=10.000ns})
  Path Group:             sys_clk_pin
  Path Type:              Hold (Min at Fast Process Corner)
  Requirement:            0.000ns  (sys_clk_pin rise@0.000ns - sys_clk_pin rise@0.000ns)
  Data Path Delay:        0.423ns  (logic 0.209ns (49.357%)  route 0.214ns (50.643%))
  Logic Levels:           1  (LUT6=1)
  Clock Path Skew:        0.265ns (DCD - SCD - CPR)
    Destination Clock Delay (DCD):    2.043ns
    Source Clock Delay      (SCD):    1.525ns
    Clock Pessimism Removal (CPR):    0.253ns

    Location             Delay type                Incr(ns)  Path(ns)    Netlist Resource(s)
  -------------------------------------------------------------------    -------------------
                         (clock sys_clk_pin rise edge)
                                                      0.000     0.000 r  
    W5                                                0.000     0.000 r  clk (IN)
                         net (fo=0)                   0.000     0.000    clk
    W5                   IBUF (Prop_ibuf_I_O)         0.226     0.226 r  clk_IBUF_inst/O
                         net (fo=1, routed)           0.631     0.858    clk_IBUF
    BUFGCTRL_X0Y1        BUFG (Prop_bufg_I_O)         0.026     0.884 r  clk_IBUF_BUFG_inst/O
                         net (fo=10966, routed)       0.641     1.525    u_command_decrypt/u_decrypt_ip/u_key_schedule/clk_IBUF_BUFG
    SLICE_X34Y140        FDRE                                         r  u_command_decrypt/u_decrypt_ip/u_key_schedule/round_keys_reg[886]/C
  -------------------------------------------------------------------    -------------------
    SLICE_X34Y140        FDRE (Prop_fdre_C_Q)         0.164     1.689 r  u_command_decrypt/u_decrypt_ip/u_key_schedule/round_keys_reg[886]/Q
                         net (fo=1, routed)           0.214     1.903    u_command_decrypt/u_decrypt_ip/u_gcm_decrypt/u_aes_encrypt/u_encrypt_core/stage_state[0][119]_i_15_0[473]
    SLICE_X38Y140        LUT6 (Prop_lut6_I5_O)        0.045     1.948 r  u_command_decrypt/u_decrypt_ip/u_gcm_decrypt/u_aes_encrypt/u_encrypt_core/stage_state[3][118]_i_1/O
                         net (fo=1, routed)           0.000     1.948    u_command_decrypt/u_decrypt_ip/u_gcm_decrypt/u_aes_encrypt/u_encrypt_core/round_output[3]_4[118]
    SLICE_X38Y140        FDRE                                         r  u_command_decrypt/u_decrypt_ip/u_gcm_decrypt/u_aes_encrypt/u_encrypt_core/stage_state_reg[3][118]/D
  -------------------------------------------------------------------    -------------------

                         (clock sys_clk_pin rise edge)
                                                      0.000     0.000 r  
    W5                                                0.000     0.000 r  clk (IN)
                         net (fo=0)                   0.000     0.000    clk
    W5                   IBUF (Prop_ibuf_I_O)         0.414     0.414 r  clk_IBUF_inst/O
                         net (fo=1, routed)           0.685     1.099    clk_IBUF
    BUFGCTRL_X0Y1        BUFG (Prop_bufg_I_O)         0.029     1.128 r  clk_IBUF_BUFG_inst/O
                         net (fo=10966, routed)       0.915     2.043    u_command_decrypt/u_decrypt_ip/u_gcm_decrypt/u_aes_encrypt/u_encrypt_core/clk_IBUF_BUFG
    SLICE_X38Y140        FDRE                                         r  u_command_decrypt/u_decrypt_ip/u_gcm_decrypt/u_aes_encrypt/u_encrypt_core/stage_state_reg[3][118]/C
                         clock pessimism             -0.253     1.789    
    SLICE_X38Y140        FDRE (Hold_fdre_C_D)         0.121     1.910    u_command_decrypt/u_decrypt_ip/u_gcm_decrypt/u_aes_encrypt/u_encrypt_core/stage_state_reg[3][118]
  -------------------------------------------------------------------
                         required time                         -1.910    
                         arrival time                           1.948    
  -------------------------------------------------------------------
                         slack                                  0.038    

Slack (MET) :             0.040ns  (arrival time - required time)
  Source:                 u_spi_slave/rx_shift_reg[165]/C
                            (rising edge-triggered cell FDCE clocked by sys_clk_pin  {rise@0.000ns fall@5.000ns period=10.000ns})
  Destination:            u_spi_slave/rx_data_reg[166]/D
                            (rising edge-triggered cell FDCE clocked by sys_clk_pin  {rise@0.000ns fall@5.000ns period=10.000ns})
  Path Group:             sys_clk_pin
  Path Type:              Hold (Min at Fast Process Corner)
  Requirement:            0.000ns  (sys_clk_pin rise@0.000ns - sys_clk_pin rise@0.000ns)
  Data Path Delay:        0.298ns  (logic 0.128ns (42.990%)  route 0.170ns (57.010%))
  Logic Levels:           0  
  Clock Path Skew:        0.265ns (DCD - SCD - CPR)
    Destination Clock Delay (DCD):    1.958ns
    Source Clock Delay      (SCD):    1.444ns
    Clock Pessimism Removal (CPR):    0.249ns

    Location             Delay type                Incr(ns)  Path(ns)    Netlist Resource(s)
  -------------------------------------------------------------------    -------------------
                         (clock sys_clk_pin rise edge)
                                                      0.000     0.000 r  
    W5                                                0.000     0.000 r  clk (IN)
                         net (fo=0)                   0.000     0.000    clk
    W5                   IBUF (Prop_ibuf_I_O)         0.226     0.226 r  clk_IBUF_inst/O
                         net (fo=1, routed)           0.631     0.858    clk_IBUF
    BUFGCTRL_X0Y1        BUFG (Prop_bufg_I_O)         0.026     0.884 r  clk_IBUF_BUFG_inst/O
                         net (fo=10966, routed)       0.561     1.444    u_spi_slave/clk_IBUF_BUFG
    SLICE_X35Y97         FDCE                                         r  u_spi_slave/rx_shift_reg[165]/C
  -------------------------------------------------------------------    -------------------
    SLICE_X35Y97         FDCE (Prop_fdce_C_Q)         0.128     1.572 r  u_spi_slave/rx_shift_reg[165]/Q
                         net (fo=2, routed)           0.170     1.742    u_spi_slave/p_0_in[166]
    SLICE_X36Y97         FDCE                                         r  u_spi_slave/rx_data_reg[166]/D
  -------------------------------------------------------------------    -------------------

                         (clock sys_clk_pin rise edge)
                                                      0.000     0.000 r  
    W5                                                0.000     0.000 r  clk (IN)
                         net (fo=0)                   0.000     0.000    clk
    W5                   IBUF (Prop_ibuf_I_O)         0.414     0.414 r  clk_IBUF_inst/O
                         net (fo=1, routed)           0.685     1.099    clk_IBUF
    BUFGCTRL_X0Y1        BUFG (Prop_bufg_I_O)         0.029     1.128 r  clk_IBUF_BUFG_inst/O
                         net (fo=10966, routed)       0.830     1.958    u_spi_slave/clk_IBUF_BUFG
    SLICE_X36Y97         FDCE                                         r  u_spi_slave/rx_data_reg[166]/C
                         clock pessimism             -0.249     1.709    
    SLICE_X36Y97         FDCE (Hold_fdce_C_D)        -0.007     1.702    u_spi_slave/rx_data_reg[166]
  -------------------------------------------------------------------
                         required time                         -1.702    
                         arrival time                           1.742    
  -------------------------------------------------------------------
                         slack                                  0.040    

Slack (MET) :             0.042ns  (arrival time - required time)
  Source:                 u_status_encrypt/u_encrypt_ip/u_key_schedule/round_keys_reg[593]/C
                            (rising edge-triggered cell FDRE clocked by sys_clk_pin  {rise@0.000ns fall@5.000ns period=10.000ns})
  Destination:            u_status_encrypt/u_encrypt_ip/u_gcm_encrypt/u_aes_encrypt/u_encrypt_core/stage_state_reg[5][81]/D
                            (rising edge-triggered cell FDRE clocked by sys_clk_pin  {rise@0.000ns fall@5.000ns period=10.000ns})
  Path Group:             sys_clk_pin
  Path Type:              Hold (Min at Fast Process Corner)
  Requirement:            0.000ns  (sys_clk_pin rise@0.000ns - sys_clk_pin rise@0.000ns)
  Data Path Delay:        0.405ns  (logic 0.186ns (45.967%)  route 0.219ns (54.033%))
  Logic Levels:           1  (LUT2=1)
  Clock Path Skew:        0.271ns (DCD - SCD - CPR)
    Destination Clock Delay (DCD):    1.960ns
    Source Clock Delay      (SCD):    1.445ns
    Clock Pessimism Removal (CPR):    0.244ns

    Location             Delay type                Incr(ns)  Path(ns)    Netlist Resource(s)
  -------------------------------------------------------------------    -------------------
                         (clock sys_clk_pin rise edge)
                                                      0.000     0.000 r  
    W5                                                0.000     0.000 r  clk (IN)
                         net (fo=0)                   0.000     0.000    clk
    W5                   IBUF (Prop_ibuf_I_O)         0.226     0.226 r  clk_IBUF_inst/O
                         net (fo=1, routed)           0.631     0.858    clk_IBUF
    BUFGCTRL_X0Y1        BUFG (Prop_bufg_I_O)         0.026     0.884 r  clk_IBUF_BUFG_inst/O
                         net (fo=10966, routed)       0.562     1.445    u_status_encrypt/u_encrypt_ip/u_key_schedule/clk_IBUF_BUFG
    SLICE_X31Y50         FDRE                                         r  u_status_encrypt/u_encrypt_ip/u_key_schedule/round_keys_reg[593]/C
  -------------------------------------------------------------------    -------------------
    SLICE_X31Y50         FDRE (Prop_fdre_C_Q)         0.141     1.586 r  u_status_encrypt/u_encrypt_ip/u_key_schedule/round_keys_reg[593]/Q
                         net (fo=1, routed)           0.219     1.805    u_status_encrypt/u_encrypt_ip/u_key_schedule/round_keys[593]
    SLICE_X31Y49         LUT2 (Prop_lut2_I0_O)        0.045     1.850 r  u_status_encrypt/u_encrypt_ip/u_key_schedule/stage_state[5][81]_i_1__0/O
                         net (fo=1, routed)           0.000     1.850    u_status_encrypt/u_encrypt_ip/u_gcm_encrypt/u_aes_encrypt/u_encrypt_core/stage_state_reg[5][124]_0[30]
    SLICE_X31Y49         FDRE                                         r  u_status_encrypt/u_encrypt_ip/u_gcm_encrypt/u_aes_encrypt/u_encrypt_core/stage_state_reg[5][81]/D
  -------------------------------------------------------------------    -------------------

                         (clock sys_clk_pin rise edge)
                                                      0.000     0.000 r  
    W5                                                0.000     0.000 r  clk (IN)
                         net (fo=0)                   0.000     0.000    clk
    W5                   IBUF (Prop_ibuf_I_O)         0.414     0.414 r  clk_IBUF_inst/O
                         net (fo=1, routed)           0.685     1.099    clk_IBUF
    BUFGCTRL_X0Y1        BUFG (Prop_bufg_I_O)         0.029     1.128 r  clk_IBUF_BUFG_inst/O
                         net (fo=10966, routed)       0.833     1.960    u_status_encrypt/u_encrypt_ip/u_gcm_encrypt/u_aes_encrypt/u_encrypt_core/clk_IBUF_BUFG
    SLICE_X31Y49         FDRE                                         r  u_status_encrypt/u_encrypt_ip/u_gcm_encrypt/u_aes_encrypt/u_encrypt_core/stage_state_reg[5][81]/C
                         clock pessimism             -0.244     1.716    
    SLICE_X31Y49         FDRE (Hold_fdre_C_D)         0.092     1.808    u_status_encrypt/u_encrypt_ip/u_gcm_encrypt/u_aes_encrypt/u_encrypt_core/stage_state_reg[5][81]
  -------------------------------------------------------------------
                         required time                         -1.808    
                         arrival time                           1.850    
  -------------------------------------------------------------------
                         slack                                  0.042    

Slack (MET) :             0.042ns  (arrival time - required time)
  Source:                 u_command_decrypt/u_decrypt_ip/u_key_schedule/round_keys_reg[393]/C
                            (rising edge-triggered cell FDRE clocked by sys_clk_pin  {rise@0.000ns fall@5.000ns period=10.000ns})
  Destination:            u_command_decrypt/u_decrypt_ip/u_gcm_decrypt/u_aes_encrypt/u_encrypt_core/stage_state_reg[6][9]/D
                            (rising edge-triggered cell FDRE clocked by sys_clk_pin  {rise@0.000ns fall@5.000ns period=10.000ns})
  Path Group:             sys_clk_pin
  Path Type:              Hold (Min at Fast Process Corner)
  Requirement:            0.000ns  (sys_clk_pin rise@0.000ns - sys_clk_pin rise@0.000ns)
  Data Path Delay:        0.397ns  (logic 0.186ns (46.899%)  route 0.211ns (53.101%))
  Logic Levels:           1  (LUT2=1)
  Clock Path Skew:        0.263ns (DCD - SCD - CPR)
    Destination Clock Delay (DCD):    2.031ns
    Source Clock Delay      (SCD):    1.515ns
    Clock Pessimism Removal (CPR):    0.253ns

    Location             Delay type                Incr(ns)  Path(ns)    Netlist Resource(s)
  -------------------------------------------------------------------    -------------------
                         (clock sys_clk_pin rise edge)
                                                      0.000     0.000 r  
    W5                                                0.000     0.000 r  clk (IN)
                         net (fo=0)                   0.000     0.000    clk
    W5                   IBUF (Prop_ibuf_I_O)         0.226     0.226 r  clk_IBUF_inst/O
                         net (fo=1, routed)           0.631     0.858    clk_IBUF
    BUFGCTRL_X0Y1        BUFG (Prop_bufg_I_O)         0.026     0.884 r  clk_IBUF_BUFG_inst/O
                         net (fo=10966, routed)       0.631     1.515    u_command_decrypt/u_decrypt_ip/u_key_schedule/clk_IBUF_BUFG
    SLICE_X31Y123        FDRE                                         r  u_command_decrypt/u_decrypt_ip/u_key_schedule/round_keys_reg[393]/C
  -------------------------------------------------------------------    -------------------
    SLICE_X31Y123        FDRE (Prop_fdre_C_Q)         0.141     1.656 r  u_command_decrypt/u_decrypt_ip/u_key_schedule/round_keys_reg[393]/Q
                         net (fo=1, routed)           0.211     1.866    u_command_decrypt/u_decrypt_ip/u_key_schedule/round_keys[393]
    SLICE_X37Y122        LUT2 (Prop_lut2_I0_O)        0.045     1.911 r  u_command_decrypt/u_decrypt_ip/u_key_schedule/stage_state[6][9]_i_1/O
                         net (fo=1, routed)           0.000     1.911    u_command_decrypt/u_decrypt_ip/u_gcm_decrypt/u_aes_encrypt/u_encrypt_core/stage_state_reg[6][124]_0[3]
    SLICE_X37Y122        FDRE                                         r  u_command_decrypt/u_decrypt_ip/u_gcm_decrypt/u_aes_encrypt/u_encrypt_core/stage_state_reg[6][9]/D
  -------------------------------------------------------------------    -------------------

                         (clock sys_clk_pin rise edge)
                                                      0.000     0.000 r  
    W5                                                0.000     0.000 r  clk (IN)
                         net (fo=0)                   0.000     0.000    clk
    W5                   IBUF (Prop_ibuf_I_O)         0.414     0.414 r  clk_IBUF_inst/O
                         net (fo=1, routed)           0.685     1.099    clk_IBUF
    BUFGCTRL_X0Y1        BUFG (Prop_bufg_I_O)         0.029     1.128 r  clk_IBUF_BUFG_inst/O
                         net (fo=10966, routed)       0.903     2.031    u_command_decrypt/u_decrypt_ip/u_gcm_decrypt/u_aes_encrypt/u_encrypt_core/clk_IBUF_BUFG
    SLICE_X37Y122        FDRE                                         r  u_command_decrypt/u_decrypt_ip/u_gcm_decrypt/u_aes_encrypt/u_encrypt_core/stage_state_reg[6][9]/C
                         clock pessimism             -0.253     1.777    
    SLICE_X37Y122        FDRE (Hold_fdre_C_D)         0.092     1.869    u_command_decrypt/u_decrypt_ip/u_gcm_decrypt/u_aes_encrypt/u_encrypt_core/stage_state_reg[6][9]
  -------------------------------------------------------------------
                         required time                         -1.869    
                         arrival time                           1.911    
  -------------------------------------------------------------------
                         slack                                  0.042    

Slack (MET) :             0.044ns  (arrival time - required time)
  Source:                 status_iv_counter_reg[9]/C
                            (rising edge-triggered cell FDCE clocked by sys_clk_pin  {rise@0.000ns fall@5.000ns period=10.000ns})
  Destination:            u_status_encrypt/iv_reg_reg[9]/D
                            (rising edge-triggered cell FDCE clocked by sys_clk_pin  {rise@0.000ns fall@5.000ns period=10.000ns})
  Path Group:             sys_clk_pin
  Path Type:              Hold (Min at Fast Process Corner)
  Requirement:            0.000ns  (sys_clk_pin rise@0.000ns - sys_clk_pin rise@0.000ns)
  Data Path Delay:        0.386ns  (logic 0.141ns (36.506%)  route 0.245ns (63.494%))
  Logic Levels:           0  
  Clock Path Skew:        0.264ns (DCD - SCD - CPR)
    Destination Clock Delay (DCD):    1.954ns
    Source Clock Delay      (SCD):    1.441ns
    Clock Pessimism Removal (CPR):    0.249ns

    Location             Delay type                Incr(ns)  Path(ns)    Netlist Resource(s)
  -------------------------------------------------------------------    -------------------
                         (clock sys_clk_pin rise edge)
                                                      0.000     0.000 r  
    W5                                                0.000     0.000 r  clk (IN)
                         net (fo=0)                   0.000     0.000    clk
    W5                   IBUF (Prop_ibuf_I_O)         0.226     0.226 r  clk_IBUF_inst/O
                         net (fo=1, routed)           0.631     0.858    clk_IBUF
    BUFGCTRL_X0Y1        BUFG (Prop_bufg_I_O)         0.026     0.884 r  clk_IBUF_BUFG_inst/O
                         net (fo=10966, routed)       0.558     1.441    clk_IBUF_BUFG
    SLICE_X41Y87         FDCE                                         r  status_iv_counter_reg[9]/C
  -------------------------------------------------------------------    -------------------
    SLICE_X41Y87         FDCE (Prop_fdce_C_Q)         0.141     1.582 r  status_iv_counter_reg[9]/Q
                         net (fo=3, routed)           0.245     1.827    u_status_encrypt/packet_iv[9]
    SLICE_X35Y89         FDCE                                         r  u_status_encrypt/iv_reg_reg[9]/D
  -------------------------------------------------------------------    -------------------

                         (clock sys_clk_pin rise edge)
                                                      0.000     0.000 r  
    W5                                                0.000     0.000 r  clk (IN)
                         net (fo=0)                   0.000     0.000    clk
    W5                   IBUF (Prop_ibuf_I_O)         0.414     0.414 r  clk_IBUF_inst/O
                         net (fo=1, routed)           0.685     1.099    clk_IBUF
    BUFGCTRL_X0Y1        BUFG (Prop_bufg_I_O)         0.029     1.128 r  clk_IBUF_BUFG_inst/O
                         net (fo=10966, routed)       0.826     1.954    u_status_encrypt/clk_IBUF_BUFG
    SLICE_X35Y89         FDCE                                         r  u_status_encrypt/iv_reg_reg[9]/C
                         clock pessimism             -0.249     1.705    
    SLICE_X35Y89         FDCE (Hold_fdce_C_D)         0.078     1.783    u_status_encrypt/iv_reg_reg[9]
  -------------------------------------------------------------------
                         required time                         -1.783    
                         arrival time                           1.827    
  -------------------------------------------------------------------
                         slack                                  0.044    





Pulse Width Checks
--------------------------------------------------------------------------------------
Clock Name:         sys_clk_pin
Waveform(ns):       { 0.000 5.000 }
Period(ns):         10.000
Sources:            { clk }

Check Type        Corner  Lib Pin            Reference Pin  Required(ns)  Actual(ns)  Slack(ns)  Location         Pin
Min Period        n/a     BUFG/I             n/a            2.155         10.000      7.845      BUFGCTRL_X0Y1    clk_IBUF_BUFG_inst/I
Min Period        n/a     MMCME2_ADV/CLKIN1  n/a            1.249         10.000      8.751      MMCME2_ADV_X1Y0  U_CAM_SET/U_CLK_WIZ/inst/mmcm_adv_inst/CLKIN1
Min Period        n/a     FDCE/C             n/a            1.000         10.000      9.000      SLICE_X7Y103     FSM_sequential_key_state_reg[0]/C
Min Period        n/a     FDCE/C             n/a            1.000         10.000      9.000      SLICE_X7Y103     FSM_sequential_key_state_reg[1]/C
Min Period        n/a     FDRE/C             n/a            1.000         10.000      9.000      SLICE_X23Y115    u_command_decrypt/u_decrypt_ip/u_gcm_decrypt/u_aes_encrypt/u_encrypt_core/stage_state_reg[8][92]/C
Min Period        n/a     FDRE/C             n/a            1.000         10.000      9.000      SLICE_X21Y116    u_command_decrypt/u_decrypt_ip/u_gcm_decrypt/u_aes_encrypt/u_encrypt_core/stage_state_reg[8][93]/C
Min Period        n/a     FDRE/C             n/a            1.000         10.000      9.000      SLICE_X20Y116    u_command_decrypt/u_decrypt_ip/u_gcm_decrypt/u_aes_encrypt/u_encrypt_core/stage_state_reg[8][94]/C
Min Period        n/a     FDRE/C             n/a            1.000         10.000      9.000      SLICE_X11Y129    u_command_decrypt/u_decrypt_ip/u_key_schedule/round_keys_reg[1386]/C
Min Period        n/a     FDRE/C             n/a            1.000         10.000      9.000      SLICE_X11Y127    u_command_decrypt/u_decrypt_ip/u_key_schedule/round_keys_reg[1387]/C
Min Period        n/a     FDRE/C             n/a            1.000         10.000      9.000      SLICE_X11Y129    u_command_decrypt/u_decrypt_ip/u_key_schedule/round_keys_reg[1388]/C
Max Period        n/a     MMCME2_ADV/CLKIN1  n/a            100.000       10.000      90.000     MMCME2_ADV_X1Y0  U_CAM_SET/U_CLK_WIZ/inst/mmcm_adv_inst/CLKIN1
Low Pulse Width   Slow    MMCME2_ADV/CLKIN1  n/a            2.000         5.000       3.000      MMCME2_ADV_X1Y0  U_CAM_SET/U_CLK_WIZ/inst/mmcm_adv_inst/CLKIN1
Low Pulse Width   Fast    MMCME2_ADV/CLKIN1  n/a            2.000         5.000       3.000      MMCME2_ADV_X1Y0  U_CAM_SET/U_CLK_WIZ/inst/mmcm_adv_inst/CLKIN1
Low Pulse Width   Slow    FDRE/C             n/a            0.500         5.000       4.500      SLICE_X18Y128    u_command_decrypt/u_decrypt_ip/u_key_schedule/round_keys_reg[1389]/C
Low Pulse Width   Slow    FDRE/C             n/a            0.500         5.000       4.500      SLICE_X8Y129     u_command_decrypt/u_decrypt_ip/u_key_schedule/round_keys_reg[1398]/C
Low Pulse Width   Slow    FDRE/C             n/a            0.500         5.000       4.500      SLICE_X17Y128    u_command_decrypt/u_decrypt_ip/u_key_schedule/round_keys_reg[1404]/C
Low Pulse Width   Slow    FDRE/C             n/a            0.500         5.000       4.500      SLICE_X19Y128    u_command_decrypt/u_decrypt_ip/u_key_schedule/round_keys_reg[1405]/C
Low Pulse Width   Slow    FDRE/C             n/a            0.500         5.000       4.500      SLICE_X31Y111    u_command_decrypt/u_decrypt_ip/u_key_schedule/round_keys_reg[1]/C
Low Pulse Width   Slow    FDRE/C             n/a            0.500         5.000       4.500      SLICE_X9Y120     u_command_decrypt/u_decrypt_ip/u_gcm_decrypt/u_aes_encrypt/u_encrypt_core/stage_state_reg[9][115]/C
Low Pulse Width   Slow    FDRE/C             n/a            0.500         5.000       4.500      SLICE_X9Y120     u_command_decrypt/u_decrypt_ip/u_gcm_decrypt/u_aes_encrypt/u_encrypt_core/stage_state_reg[9][116]/C
Low Pulse Width   Slow    FDRE/C             n/a            0.500         5.000       4.500      SLICE_X9Y120     u_command_decrypt/u_decrypt_ip/u_gcm_decrypt/u_aes_encrypt/u_encrypt_core/stage_state_reg[9][117]/C
High Pulse Width  Fast    MMCME2_ADV/CLKIN1  n/a            2.000         5.000       3.000      MMCME2_ADV_X1Y0  U_CAM_SET/U_CLK_WIZ/inst/mmcm_adv_inst/CLKIN1
High Pulse Width  Slow    MMCME2_ADV/CLKIN1  n/a            2.000         5.000       3.000      MMCME2_ADV_X1Y0  U_CAM_SET/U_CLK_WIZ/inst/mmcm_adv_inst/CLKIN1
High Pulse Width  Slow    FDCE/C             n/a            0.500         5.000       4.500      SLICE_X7Y103     FSM_sequential_key_state_reg[0]/C
High Pulse Width  Slow    FDCE/C             n/a            0.500         5.000       4.500      SLICE_X7Y103     FSM_sequential_key_state_reg[1]/C
High Pulse Width  Slow    FDRE/C             n/a            0.500         5.000       4.500      SLICE_X11Y129    u_command_decrypt/u_decrypt_ip/u_key_schedule/round_keys_reg[1386]/C
High Pulse Width  Slow    FDRE/C             n/a            0.500         5.000       4.500      SLICE_X11Y129    u_command_decrypt/u_decrypt_ip/u_key_schedule/round_keys_reg[1388]/C
High Pulse Width  Slow    FDRE/C             n/a            0.500         5.000       4.500      SLICE_X11Y129    u_command_decrypt/u_decrypt_ip/u_key_schedule/round_keys_reg[1391]/C
High Pulse Width  Slow    FDCE/C             n/a            0.500         5.000       4.500      SLICE_X29Y116    u_spi_slave/rx_shift_reg[0]/C
High Pulse Width  Slow    FDCE/C             n/a            0.500         5.000       4.500      SLICE_X2Y124     u_spi_slave/rx_shift_reg[102]/C
High Pulse Width  Slow    FDCE/C             n/a            0.500         5.000       4.500      SLICE_X2Y124     u_spi_slave/rx_shift_reg[103]/C



---------------------------------------------------------------------------------------------------
From Clock:  clk_25M_clk_wiz_0
  To Clock:  clk_25M_clk_wiz_0

Setup :           NA  Failing Endpoints,  Worst Slack           NA  ,  Total Violation           NA
Hold  :           NA  Failing Endpoints,  Worst Slack           NA  ,  Total Violation           NA
PW    :            0  Failing Endpoints,  Worst Slack       37.845ns,  Total Violation        0.000ns
---------------------------------------------------------------------------------------------------


Pulse Width Checks
--------------------------------------------------------------------------------------
Clock Name:         clk_25M_clk_wiz_0
Waveform(ns):       { 0.000 20.000 }
Period(ns):         40.000
Sources:            { U_CAM_SET/U_CLK_WIZ/inst/mmcm_adv_inst/CLKOUT1 }

Check Type  Corner  Lib Pin             Reference Pin  Required(ns)  Actual(ns)  Slack(ns)  Location         Pin
Min Period  n/a     BUFG/I              n/a            2.155         40.000      37.845     BUFGCTRL_X0Y0    U_CAM_SET/U_CLK_WIZ/inst/clkout2_buf/I
Min Period  n/a     MMCME2_ADV/CLKOUT1  n/a            1.249         40.000      38.751     MMCME2_ADV_X1Y0  U_CAM_SET/U_CLK_WIZ/inst/mmcm_adv_inst/CLKOUT1
Max Period  n/a     MMCME2_ADV/CLKOUT1  n/a            213.360       40.000      173.360    MMCME2_ADV_X1Y0  U_CAM_SET/U_CLK_WIZ/inst/mmcm_adv_inst/CLKOUT1



---------------------------------------------------------------------------------------------------
From Clock:  clkfbout_clk_wiz_0
  To Clock:  clkfbout_clk_wiz_0

Setup :           NA  Failing Endpoints,  Worst Slack           NA  ,  Total Violation           NA
Hold  :           NA  Failing Endpoints,  Worst Slack           NA  ,  Total Violation           NA
PW    :            0  Failing Endpoints,  Worst Slack        7.845ns,  Total Violation        0.000ns
---------------------------------------------------------------------------------------------------


Pulse Width Checks
--------------------------------------------------------------------------------------
Clock Name:         clkfbout_clk_wiz_0
Waveform(ns):       { 0.000 5.000 }
Period(ns):         10.000
Sources:            { U_CAM_SET/U_CLK_WIZ/inst/mmcm_adv_inst/CLKFBOUT }

Check Type  Corner  Lib Pin              Reference Pin  Required(ns)  Actual(ns)  Slack(ns)  Location         Pin
Min Period  n/a     BUFG/I               n/a            2.155         10.000      7.845      BUFGCTRL_X0Y4    U_CAM_SET/U_CLK_WIZ/inst/clkf_buf/I
Min Period  n/a     MMCME2_ADV/CLKFBOUT  n/a            1.249         10.000      8.751      MMCME2_ADV_X1Y0  U_CAM_SET/U_CLK_WIZ/inst/mmcm_adv_inst/CLKFBOUT
Min Period  n/a     MMCME2_ADV/CLKFBIN   n/a            1.249         10.000      8.751      MMCME2_ADV_X1Y0  U_CAM_SET/U_CLK_WIZ/inst/mmcm_adv_inst/CLKFBIN
Max Period  n/a     MMCME2_ADV/CLKFBIN   n/a            100.000       10.000      90.000     MMCME2_ADV_X1Y0  U_CAM_SET/U_CLK_WIZ/inst/mmcm_adv_inst/CLKFBIN
Max Period  n/a     MMCME2_ADV/CLKFBOUT  n/a            213.360       10.000      203.360    MMCME2_ADV_X1Y0  U_CAM_SET/U_CLK_WIZ/inst/mmcm_adv_inst/CLKFBOUT



---------------------------------------------------------------------------------------------------
From Clock:  cam_pclk
  To Clock:  sys_clk_pin

Setup :            0  Failing Endpoints,  Worst Slack        7.162ns,  Total Violation        0.000ns
Hold  :            0  Failing Endpoints,  Worst Slack        0.100ns,  Total Violation        0.000ns
---------------------------------------------------------------------------------------------------


Max Delay Paths
--------------------------------------------------------------------------------------
Slack (MET) :             7.162ns  (required time - arrival time)
  Source:                 U_LED_SET/U_ZONE_MONITOR/led_flat_reg[8]/C
                            (rising edge-triggered cell FDCE clocked by cam_pclk  {rise@0.000ns fall@20.000ns period=40.000ns})
  Destination:            tx_data_out_reg[72]/D
                            (rising edge-triggered cell FDCE clocked by sys_clk_pin  {rise@0.000ns fall@5.000ns period=10.000ns})
  Path Group:             sys_clk_pin
  Path Type:              Setup (Max at Slow Process Corner)
  Requirement:            10.000ns  (sys_clk_pin rise@10.000ns - cam_pclk rise@0.000ns)
  Data Path Delay:        2.011ns  (logic 0.580ns (28.835%)  route 1.431ns (71.165%))
  Logic Levels:           1  (LUT4=1)
  Clock Path Skew:        -0.870ns (DCD - SCD + CPR)
    Destination Clock Delay (DCD):    4.793ns = ( 14.793 - 10.000 ) 
    Source Clock Delay      (SCD):    5.664ns
    Clock Pessimism Removal (CPR):    0.000ns
  Clock Uncertainty:      0.035ns  ((TSJ^2 + TIJ^2)^1/2 + DJ) / 2 + PE
    Total System Jitter     (TSJ):    0.071ns
    Total Input Jitter      (TIJ):    0.000ns
    Discrete Jitter          (DJ):    0.000ns
    Phase Error              (PE):    0.000ns
  Clock Domain Crossing:  Inter clock paths are considered valid unless explicitly excluded by timing constraints such as set_clock_groups or set_false_path.

    Location             Delay type                Incr(ns)  Path(ns)    Netlist Resource(s)
  -------------------------------------------------------------------    -------------------
                         (clock cam_pclk rise edge)
                                                      0.000     0.000 r  
    N1                                                0.000     0.000 r  pclk (IN)
                         net (fo=0)                   0.000     0.000    pclk
    N1                   IBUF (Prop_ibuf_I_O)         1.455     1.455 r  pclk_IBUF_inst/O
                         net (fo=1, routed)           2.488     3.943    pclk_IBUF
    BUFGCTRL_X0Y2        BUFG (Prop_bufg_I_O)         0.096     4.039 r  pclk_IBUF_BUFG_inst/O
                         net (fo=348, routed)         1.625     5.664    U_LED_SET/U_ZONE_MONITOR/CLK
    SLICE_X59Y53         FDCE                                         r  U_LED_SET/U_ZONE_MONITOR/led_flat_reg[8]/C
  -------------------------------------------------------------------    -------------------
    SLICE_X59Y53         FDCE (Prop_fdce_C_Q)         0.456     6.120 r  U_LED_SET/U_ZONE_MONITOR/led_flat_reg[8]/Q
                         net (fo=5, routed)           1.431     7.551    U_LED_SET/U_UNIT_STATUS/Q[8]
    SLICE_X50Y44         LUT4 (Prop_lut4_I1_O)        0.124     7.675 r  U_LED_SET/U_UNIT_STATUS/tx_data_out[72]_i_1/O
                         net (fo=1, routed)           0.000     7.675    unit_flat[4]
    SLICE_X50Y44         FDCE                                         r  tx_data_out_reg[72]/D
  -------------------------------------------------------------------    -------------------

                         (clock sys_clk_pin rise edge)
                                                     10.000    10.000 r  
    W5                                                0.000    10.000 r  clk (IN)
                         net (fo=0)                   0.000    10.000    clk
    W5                   IBUF (Prop_ibuf_I_O)         1.388    11.388 r  clk_IBUF_inst/O
                         net (fo=1, routed)           1.862    13.250    clk_IBUF
    BUFGCTRL_X0Y1        BUFG (Prop_bufg_I_O)         0.091    13.341 r  clk_IBUF_BUFG_inst/O
                         net (fo=10966, routed)       1.452    14.793    clk_IBUF_BUFG
    SLICE_X50Y44         FDCE                                         r  tx_data_out_reg[72]/C
                         clock pessimism              0.000    14.793    
                         clock uncertainty           -0.035    14.758    
    SLICE_X50Y44         FDCE (Setup_fdce_C_D)        0.079    14.837    tx_data_out_reg[72]
  -------------------------------------------------------------------
                         required time                         14.837    
                         arrival time                          -7.675    
  -------------------------------------------------------------------
                         slack                                  7.162    

Slack (MET) :             7.172ns  (required time - arrival time)
  Source:                 U_LED_SET/U_ZONE_MONITOR/led_flat_reg[8]/C
                            (rising edge-triggered cell FDCE clocked by cam_pclk  {rise@0.000ns fall@20.000ns period=40.000ns})
  Destination:            tx_data_out_reg[73]/D
                            (rising edge-triggered cell FDCE clocked by sys_clk_pin  {rise@0.000ns fall@5.000ns period=10.000ns})
  Path Group:             sys_clk_pin
  Path Type:              Setup (Max at Slow Process Corner)
  Requirement:            10.000ns  (sys_clk_pin rise@10.000ns - cam_pclk rise@0.000ns)
  Data Path Delay:        2.040ns  (logic 0.609ns (29.846%)  route 1.431ns (70.154%))
  Logic Levels:           1  (LUT4=1)
  Clock Path Skew:        -0.870ns (DCD - SCD + CPR)
    Destination Clock Delay (DCD):    4.793ns = ( 14.793 - 10.000 ) 
    Source Clock Delay      (SCD):    5.664ns
    Clock Pessimism Removal (CPR):    0.000ns
  Clock Uncertainty:      0.035ns  ((TSJ^2 + TIJ^2)^1/2 + DJ) / 2 + PE
    Total System Jitter     (TSJ):    0.071ns
    Total Input Jitter      (TIJ):    0.000ns
    Discrete Jitter          (DJ):    0.000ns
    Phase Error              (PE):    0.000ns
  Clock Domain Crossing:  Inter clock paths are considered valid unless explicitly excluded by timing constraints such as set_clock_groups or set_false_path.

    Location             Delay type                Incr(ns)  Path(ns)    Netlist Resource(s)
  -------------------------------------------------------------------    -------------------
                         (clock cam_pclk rise edge)
                                                      0.000     0.000 r  
    N1                                                0.000     0.000 r  pclk (IN)
                         net (fo=0)                   0.000     0.000    pclk
    N1                   IBUF (Prop_ibuf_I_O)         1.455     1.455 r  pclk_IBUF_inst/O
                         net (fo=1, routed)           2.488     3.943    pclk_IBUF
    BUFGCTRL_X0Y2        BUFG (Prop_bufg_I_O)         0.096     4.039 r  pclk_IBUF_BUFG_inst/O
                         net (fo=348, routed)         1.625     5.664    U_LED_SET/U_ZONE_MONITOR/CLK
    SLICE_X59Y53         FDCE                                         r  U_LED_SET/U_ZONE_MONITOR/led_flat_reg[8]/C
  -------------------------------------------------------------------    -------------------
    SLICE_X59Y53         FDCE (Prop_fdce_C_Q)         0.456     6.120 r  U_LED_SET/U_ZONE_MONITOR/led_flat_reg[8]/Q
                         net (fo=5, routed)           1.431     7.551    U_LED_SET/U_UNIT_STATUS/Q[8]
    SLICE_X50Y44         LUT4 (Prop_lut4_I1_O)        0.153     7.704 r  U_LED_SET/U_UNIT_STATUS/tx_data_out[73]_i_1/O
                         net (fo=1, routed)           0.000     7.704    unit_flat[5]
    SLICE_X50Y44         FDCE                                         r  tx_data_out_reg[73]/D
  -------------------------------------------------------------------    -------------------

                         (clock sys_clk_pin rise edge)
                                                     10.000    10.000 r  
    W5                                                0.000    10.000 r  clk (IN)
                         net (fo=0)                   0.000    10.000    clk
    W5                   IBUF (Prop_ibuf_I_O)         1.388    11.388 r  clk_IBUF_inst/O
                         net (fo=1, routed)           1.862    13.250    clk_IBUF
    BUFGCTRL_X0Y1        BUFG (Prop_bufg_I_O)         0.091    13.341 r  clk_IBUF_BUFG_inst/O
                         net (fo=10966, routed)       1.452    14.793    clk_IBUF_BUFG
    SLICE_X50Y44         FDCE                                         r  tx_data_out_reg[73]/C
                         clock pessimism              0.000    14.793    
                         clock uncertainty           -0.035    14.758    
    SLICE_X50Y44         FDCE (Setup_fdce_C_D)        0.118    14.876    tx_data_out_reg[73]
  -------------------------------------------------------------------
                         required time                         14.876    
                         arrival time                          -7.704    
  -------------------------------------------------------------------
                         slack                                  7.172    

Slack (MET) :             7.300ns  (required time - arrival time)
  Source:                 U_LED_SET/U_ZONE_MONITOR/led_flat_reg[7]/C
                            (rising edge-triggered cell FDCE clocked by cam_pclk  {rise@0.000ns fall@20.000ns period=40.000ns})
  Destination:            tx_data_out_reg[70]/D
                            (rising edge-triggered cell FDCE clocked by sys_clk_pin  {rise@0.000ns fall@5.000ns period=10.000ns})
  Path Group:             sys_clk_pin
  Path Type:              Setup (Max at Slow Process Corner)
  Requirement:            10.000ns  (sys_clk_pin rise@10.000ns - cam_pclk rise@0.000ns)
  Data Path Delay:        1.927ns  (logic 0.642ns (33.309%)  route 1.285ns (66.691%))
  Logic Levels:           1  (LUT4=1)
  Clock Path Skew:        -0.818ns (DCD - SCD + CPR)
    Destination Clock Delay (DCD):    4.793ns = ( 14.793 - 10.000 ) 
    Source Clock Delay      (SCD):    5.611ns
    Clock Pessimism Removal (CPR):    0.000ns
  Clock Uncertainty:      0.035ns  ((TSJ^2 + TIJ^2)^1/2 + DJ) / 2 + PE
    Total System Jitter     (TSJ):    0.071ns
    Total Input Jitter      (TIJ):    0.000ns
    Discrete Jitter          (DJ):    0.000ns
    Phase Error              (PE):    0.000ns
  Clock Domain Crossing:  Inter clock paths are considered valid unless explicitly excluded by timing constraints such as set_clock_groups or set_false_path.

    Location             Delay type                Incr(ns)  Path(ns)    Netlist Resource(s)
  -------------------------------------------------------------------    -------------------
                         (clock cam_pclk rise edge)
                                                      0.000     0.000 r  
    N1                                                0.000     0.000 r  pclk (IN)
                         net (fo=0)                   0.000     0.000    pclk
    N1                   IBUF (Prop_ibuf_I_O)         1.455     1.455 r  pclk_IBUF_inst/O
                         net (fo=1, routed)           2.488     3.943    pclk_IBUF
    BUFGCTRL_X0Y2        BUFG (Prop_bufg_I_O)         0.096     4.039 r  pclk_IBUF_BUFG_inst/O
                         net (fo=348, routed)         1.572     5.611    U_LED_SET/U_ZONE_MONITOR/CLK
    SLICE_X52Y47         FDCE                                         r  U_LED_SET/U_ZONE_MONITOR/led_flat_reg[7]/C
  -------------------------------------------------------------------    -------------------
    SLICE_X52Y47         FDCE (Prop_fdce_C_Q)         0.518     6.129 r  U_LED_SET/U_ZONE_MONITOR/led_flat_reg[7]/Q
                         net (fo=5, routed)           1.285     7.415    U_LED_SET/U_UNIT_STATUS/Q[7]
    SLICE_X50Y44         LUT4 (Prop_lut4_I2_O)        0.124     7.539 r  U_LED_SET/U_UNIT_STATUS/tx_data_out[70]_i_1/O
                         net (fo=1, routed)           0.000     7.539    unit_flat[2]
    SLICE_X50Y44         FDCE                                         r  tx_data_out_reg[70]/D
  -------------------------------------------------------------------    -------------------

                         (clock sys_clk_pin rise edge)
                                                     10.000    10.000 r  
    W5                                                0.000    10.000 r  clk (IN)
                         net (fo=0)                   0.000    10.000    clk
    W5                   IBUF (Prop_ibuf_I_O)         1.388    11.388 r  clk_IBUF_inst/O
                         net (fo=1, routed)           1.862    13.250    clk_IBUF
    BUFGCTRL_X0Y1        BUFG (Prop_bufg_I_O)         0.091    13.341 r  clk_IBUF_BUFG_inst/O
                         net (fo=10966, routed)       1.452    14.793    clk_IBUF_BUFG
    SLICE_X50Y44         FDCE                                         r  tx_data_out_reg[70]/C
                         clock pessimism              0.000    14.793    
                         clock uncertainty           -0.035    14.758    
    SLICE_X50Y44         FDCE (Setup_fdce_C_D)        0.081    14.839    tx_data_out_reg[70]
  -------------------------------------------------------------------
                         required time                         14.839    
                         arrival time                          -7.539    
  -------------------------------------------------------------------
                         slack                                  7.300    

Slack (MET) :             7.309ns  (required time - arrival time)
  Source:                 U_LED_SET/U_ZONE_MONITOR/led_flat_reg[7]/C
                            (rising edge-triggered cell FDCE clocked by cam_pclk  {rise@0.000ns fall@20.000ns period=40.000ns})
  Destination:            tx_data_out_reg[71]/D
                            (rising edge-triggered cell FDCE clocked by sys_clk_pin  {rise@0.000ns fall@5.000ns period=10.000ns})
  Path Group:             sys_clk_pin
  Path Type:              Setup (Max at Slow Process Corner)
  Requirement:            10.000ns  (sys_clk_pin rise@10.000ns - cam_pclk rise@0.000ns)
  Data Path Delay:        1.955ns  (logic 0.670ns (34.264%)  route 1.285ns (65.736%))
  Logic Levels:           1  (LUT4=1)
  Clock Path Skew:        -0.818ns (DCD - SCD + CPR)
    Destination Clock Delay (DCD):    4.793ns = ( 14.793 - 10.000 ) 
    Source Clock Delay      (SCD):    5.611ns
    Clock Pessimism Removal (CPR):    0.000ns
  Clock Uncertainty:      0.035ns  ((TSJ^2 + TIJ^2)^1/2 + DJ) / 2 + PE
    Total System Jitter     (TSJ):    0.071ns
    Total Input Jitter      (TIJ):    0.000ns
    Discrete Jitter          (DJ):    0.000ns
    Phase Error              (PE):    0.000ns
  Clock Domain Crossing:  Inter clock paths are considered valid unless explicitly excluded by timing constraints such as set_clock_groups or set_false_path.

    Location             Delay type                Incr(ns)  Path(ns)    Netlist Resource(s)
  -------------------------------------------------------------------    -------------------
                         (clock cam_pclk rise edge)
                                                      0.000     0.000 r  
    N1                                                0.000     0.000 r  pclk (IN)
                         net (fo=0)                   0.000     0.000    pclk
    N1                   IBUF (Prop_ibuf_I_O)         1.455     1.455 r  pclk_IBUF_inst/O
                         net (fo=1, routed)           2.488     3.943    pclk_IBUF
    BUFGCTRL_X0Y2        BUFG (Prop_bufg_I_O)         0.096     4.039 r  pclk_IBUF_BUFG_inst/O
                         net (fo=348, routed)         1.572     5.611    U_LED_SET/U_ZONE_MONITOR/CLK
    SLICE_X52Y47         FDCE                                         r  U_LED_SET/U_ZONE_MONITOR/led_flat_reg[7]/C
  -------------------------------------------------------------------    -------------------
    SLICE_X52Y47         FDCE (Prop_fdce_C_Q)         0.518     6.129 r  U_LED_SET/U_ZONE_MONITOR/led_flat_reg[7]/Q
                         net (fo=5, routed)           1.285     7.415    U_LED_SET/U_UNIT_STATUS/Q[7]
    SLICE_X50Y44         LUT4 (Prop_lut4_I2_O)        0.152     7.567 r  U_LED_SET/U_UNIT_STATUS/tx_data_out[71]_i_1/O
                         net (fo=1, routed)           0.000     7.567    unit_flat[3]
    SLICE_X50Y44         FDCE                                         r  tx_data_out_reg[71]/D
  -------------------------------------------------------------------    -------------------

                         (clock sys_clk_pin rise edge)
                                                     10.000    10.000 r  
    W5                                                0.000    10.000 r  clk (IN)
                         net (fo=0)                   0.000    10.000    clk
    W5                   IBUF (Prop_ibuf_I_O)         1.388    11.388 r  clk_IBUF_inst/O
                         net (fo=1, routed)           1.862    13.250    clk_IBUF
    BUFGCTRL_X0Y1        BUFG (Prop_bufg_I_O)         0.091    13.341 r  clk_IBUF_BUFG_inst/O
                         net (fo=10966, routed)       1.452    14.793    clk_IBUF_BUFG
    SLICE_X50Y44         FDCE                                         r  tx_data_out_reg[71]/C
                         clock pessimism              0.000    14.793    
                         clock uncertainty           -0.035    14.758    
    SLICE_X50Y44         FDCE (Setup_fdce_C_D)        0.118    14.876    tx_data_out_reg[71]
  -------------------------------------------------------------------
                         required time                         14.876    
                         arrival time                          -7.567    
  -------------------------------------------------------------------
                         slack                                  7.309    

Slack (MET) :             7.404ns  (required time - arrival time)
  Source:                 U_LED_SET/U_ZONE_MONITOR/led_flat_reg[2]/C
                            (rising edge-triggered cell FDCE clocked by cam_pclk  {rise@0.000ns fall@20.000ns period=40.000ns})
  Destination:            tx_data_out_reg[68]/D
                            (rising edge-triggered cell FDCE clocked by sys_clk_pin  {rise@0.000ns fall@5.000ns period=10.000ns})
  Path Group:             sys_clk_pin
  Path Type:              Setup (Max at Slow Process Corner)
  Requirement:            10.000ns  (sys_clk_pin rise@10.000ns - cam_pclk rise@0.000ns)
  Data Path Delay:        1.820ns  (logic 0.580ns (31.863%)  route 1.240ns (68.137%))
  Logic Levels:           1  (LUT4=1)
  Clock Path Skew:        -0.818ns (DCD - SCD + CPR)
    Destination Clock Delay (DCD):    4.793ns = ( 14.793 - 10.000 ) 
    Source Clock Delay      (SCD):    5.611ns
    Clock Pessimism Removal (CPR):    0.000ns
  Clock Uncertainty:      0.035ns  ((TSJ^2 + TIJ^2)^1/2 + DJ) / 2 + PE
    Total System Jitter     (TSJ):    0.071ns
    Total Input Jitter      (TIJ):    0.000ns
    Discrete Jitter          (DJ):    0.000ns
    Phase Error              (PE):    0.000ns
  Clock Domain Crossing:  Inter clock paths are considered valid unless explicitly excluded by timing constraints such as set_clock_groups or set_false_path.

    Location             Delay type                Incr(ns)  Path(ns)    Netlist Resource(s)
  -------------------------------------------------------------------    -------------------
                         (clock cam_pclk rise edge)
                                                      0.000     0.000 r  
    N1                                                0.000     0.000 r  pclk (IN)
                         net (fo=0)                   0.000     0.000    pclk
    N1                   IBUF (Prop_ibuf_I_O)         1.455     1.455 r  pclk_IBUF_inst/O
                         net (fo=1, routed)           2.488     3.943    pclk_IBUF
    BUFGCTRL_X0Y2        BUFG (Prop_bufg_I_O)         0.096     4.039 r  pclk_IBUF_BUFG_inst/O
                         net (fo=348, routed)         1.572     5.611    U_LED_SET/U_ZONE_MONITOR/CLK
    SLICE_X55Y47         FDCE                                         r  U_LED_SET/U_ZONE_MONITOR/led_flat_reg[2]/C
  -------------------------------------------------------------------    -------------------
    SLICE_X55Y47         FDCE (Prop_fdce_C_Q)         0.456     6.067 r  U_LED_SET/U_ZONE_MONITOR/led_flat_reg[2]/Q
                         net (fo=5, routed)           1.240     7.307    U_LED_SET/U_UNIT_STATUS/Q[2]
    SLICE_X50Y44         LUT4 (Prop_lut4_I3_O)        0.124     7.431 r  U_LED_SET/U_UNIT_STATUS/tx_data_out[68]_i_1/O
                         net (fo=1, routed)           0.000     7.431    unit_flat[0]
    SLICE_X50Y44         FDCE                                         r  tx_data_out_reg[68]/D
  -------------------------------------------------------------------    -------------------

                         (clock sys_clk_pin rise edge)
                                                     10.000    10.000 r  
    W5                                                0.000    10.000 r  clk (IN)
                         net (fo=0)                   0.000    10.000    clk
    W5                   IBUF (Prop_ibuf_I_O)         1.388    11.388 r  clk_IBUF_inst/O
                         net (fo=1, routed)           1.862    13.250    clk_IBUF
    BUFGCTRL_X0Y1        BUFG (Prop_bufg_I_O)         0.091    13.341 r  clk_IBUF_BUFG_inst/O
                         net (fo=10966, routed)       1.452    14.793    clk_IBUF_BUFG
    SLICE_X50Y44         FDCE                                         r  tx_data_out_reg[68]/C
                         clock pessimism              0.000    14.793    
                         clock uncertainty           -0.035    14.758    
    SLICE_X50Y44         FDCE (Setup_fdce_C_D)        0.077    14.835    tx_data_out_reg[68]
  -------------------------------------------------------------------
                         required time                         14.835    
                         arrival time                          -7.431    
  -------------------------------------------------------------------
                         slack                                  7.404    

Slack (MET) :             7.423ns  (required time - arrival time)
  Source:                 U_LED_SET/U_ZONE_MONITOR/led_flat_reg[2]/C
                            (rising edge-triggered cell FDCE clocked by cam_pclk  {rise@0.000ns fall@20.000ns period=40.000ns})
  Destination:            tx_data_out_reg[69]/D
                            (rising edge-triggered cell FDCE clocked by sys_clk_pin  {rise@0.000ns fall@5.000ns period=10.000ns})
  Path Group:             sys_clk_pin
  Path Type:              Setup (Max at Slow Process Corner)
  Requirement:            10.000ns  (sys_clk_pin rise@10.000ns - cam_pclk rise@0.000ns)
  Data Path Delay:        1.842ns  (logic 0.602ns (32.677%)  route 1.240ns (67.323%))
  Logic Levels:           1  (LUT4=1)
  Clock Path Skew:        -0.818ns (DCD - SCD + CPR)
    Destination Clock Delay (DCD):    4.793ns = ( 14.793 - 10.000 ) 
    Source Clock Delay      (SCD):    5.611ns
    Clock Pessimism Removal (CPR):    0.000ns
  Clock Uncertainty:      0.035ns  ((TSJ^2 + TIJ^2)^1/2 + DJ) / 2 + PE
    Total System Jitter     (TSJ):    0.071ns
    Total Input Jitter      (TIJ):    0.000ns
    Discrete Jitter          (DJ):    0.000ns
    Phase Error              (PE):    0.000ns
  Clock Domain Crossing:  Inter clock paths are considered valid unless explicitly excluded by timing constraints such as set_clock_groups or set_false_path.

    Location             Delay type                Incr(ns)  Path(ns)    Netlist Resource(s)
  -------------------------------------------------------------------    -------------------
                         (clock cam_pclk rise edge)
                                                      0.000     0.000 r  
    N1                                                0.000     0.000 r  pclk (IN)
                         net (fo=0)                   0.000     0.000    pclk
    N1                   IBUF (Prop_ibuf_I_O)         1.455     1.455 r  pclk_IBUF_inst/O
                         net (fo=1, routed)           2.488     3.943    pclk_IBUF
    BUFGCTRL_X0Y2        BUFG (Prop_bufg_I_O)         0.096     4.039 r  pclk_IBUF_BUFG_inst/O
                         net (fo=348, routed)         1.572     5.611    U_LED_SET/U_ZONE_MONITOR/CLK
    SLICE_X55Y47         FDCE                                         r  U_LED_SET/U_ZONE_MONITOR/led_flat_reg[2]/C
  -------------------------------------------------------------------    -------------------
    SLICE_X55Y47         FDCE (Prop_fdce_C_Q)         0.456     6.067 r  U_LED_SET/U_ZONE_MONITOR/led_flat_reg[2]/Q
                         net (fo=5, routed)           1.240     7.307    U_LED_SET/U_UNIT_STATUS/Q[2]
    SLICE_X50Y44         LUT4 (Prop_lut4_I3_O)        0.146     7.453 r  U_LED_SET/U_UNIT_STATUS/tx_data_out[69]_i_1/O
                         net (fo=1, routed)           0.000     7.453    unit_flat[1]
    SLICE_X50Y44         FDCE                                         r  tx_data_out_reg[69]/D
  -------------------------------------------------------------------    -------------------

                         (clock sys_clk_pin rise edge)
                                                     10.000    10.000 r  
    W5                                                0.000    10.000 r  clk (IN)
                         net (fo=0)                   0.000    10.000    clk
    W5                   IBUF (Prop_ibuf_I_O)         1.388    11.388 r  clk_IBUF_inst/O
                         net (fo=1, routed)           1.862    13.250    clk_IBUF
    BUFGCTRL_X0Y1        BUFG (Prop_bufg_I_O)         0.091    13.341 r  clk_IBUF_BUFG_inst/O
                         net (fo=10966, routed)       1.452    14.793    clk_IBUF_BUFG
    SLICE_X50Y44         FDCE                                         r  tx_data_out_reg[69]/C
                         clock pessimism              0.000    14.793    
                         clock uncertainty           -0.035    14.758    
    SLICE_X50Y44         FDCE (Setup_fdce_C_D)        0.118    14.876    tx_data_out_reg[69]
  -------------------------------------------------------------------
                         required time                         14.876    
                         arrival time                          -7.453    
  -------------------------------------------------------------------
                         slack                                  7.423    





Min Delay Paths
--------------------------------------------------------------------------------------
Slack (MET) :             0.100ns  (arrival time - required time)
  Source:                 U_LED_SET/U_ZONE_MONITOR/led_flat_reg[4]/C
                            (rising edge-triggered cell FDCE clocked by cam_pclk  {rise@0.000ns fall@20.000ns period=40.000ns})
  Destination:            tx_data_out_reg[71]/D
                            (rising edge-triggered cell FDCE clocked by sys_clk_pin  {rise@0.000ns fall@5.000ns period=10.000ns})
  Path Group:             sys_clk_pin
  Path Type:              Hold (Min at Fast Process Corner)
  Requirement:            0.000ns  (sys_clk_pin rise@0.000ns - cam_pclk rise@0.000ns)
  Data Path Delay:        0.383ns  (logic 0.188ns (49.145%)  route 0.195ns (50.855%))
  Logic Levels:           1  (LUT4=1)
  Clock Path Skew:        0.116ns (DCD - SCD - CPR)
    Destination Clock Delay (DCD):    1.964ns
    Source Clock Delay      (SCD):    1.848ns
    Clock Pessimism Removal (CPR):    -0.000ns
  Clock Uncertainty:      0.035ns  ((TSJ^2 + TIJ^2)^1/2 + DJ) / 2 + PE
    Total System Jitter     (TSJ):    0.071ns
    Total Input Jitter      (TIJ):    0.000ns
    Discrete Jitter          (DJ):    0.000ns
    Phase Error              (PE):    0.000ns
  Clock Domain Crossing:  Inter clock paths are considered valid unless explicitly excluded by timing constraints such as set_clock_groups or set_false_path.

    Location             Delay type                Incr(ns)  Path(ns)    Netlist Resource(s)
  -------------------------------------------------------------------    -------------------
                         (clock cam_pclk rise edge)
                                                      0.000     0.000 r  
    N1                                                0.000     0.000 r  pclk (IN)
                         net (fo=0)                   0.000     0.000    pclk
    N1                   IBUF (Prop_ibuf_I_O)         0.223     0.223 r  pclk_IBUF_inst/O
                         net (fo=1, routed)           1.034     1.257    pclk_IBUF
    BUFGCTRL_X0Y2        BUFG (Prop_bufg_I_O)         0.026     1.283 r  pclk_IBUF_BUFG_inst/O
                         net (fo=348, routed)         0.566     1.848    U_LED_SET/U_ZONE_MONITOR/CLK
    SLICE_X53Y43         FDCE                                         r  U_LED_SET/U_ZONE_MONITOR/led_flat_reg[4]/C
  -------------------------------------------------------------------    -------------------
    SLICE_X53Y43         FDCE (Prop_fdce_C_Q)         0.141     1.989 r  U_LED_SET/U_ZONE_MONITOR/led_flat_reg[4]/Q
                         net (fo=5, routed)           0.195     2.184    U_LED_SET/U_UNIT_STATUS/Q[4]
    SLICE_X50Y44         LUT4 (Prop_lut4_I1_O)        0.047     2.231 r  U_LED_SET/U_UNIT_STATUS/tx_data_out[71]_i_1/O
                         net (fo=1, routed)           0.000     2.231    unit_flat[3]
    SLICE_X50Y44         FDCE                                         r  tx_data_out_reg[71]/D
  -------------------------------------------------------------------    -------------------

                         (clock sys_clk_pin rise edge)
                                                      0.000     0.000 r  
    W5                                                0.000     0.000 r  clk (IN)
                         net (fo=0)                   0.000     0.000    clk
    W5                   IBUF (Prop_ibuf_I_O)         0.414     0.414 r  clk_IBUF_inst/O
                         net (fo=1, routed)           0.685     1.099    clk_IBUF
    BUFGCTRL_X0Y1        BUFG (Prop_bufg_I_O)         0.029     1.128 r  clk_IBUF_BUFG_inst/O
                         net (fo=10966, routed)       0.837     1.964    clk_IBUF_BUFG
    SLICE_X50Y44         FDCE                                         r  tx_data_out_reg[71]/C
                         clock pessimism              0.000     1.964    
                         clock uncertainty            0.035     2.000    
    SLICE_X50Y44         FDCE (Hold_fdce_C_D)         0.131     2.131    tx_data_out_reg[71]
  -------------------------------------------------------------------
                         required time                         -2.131    
                         arrival time                           2.231    
  -------------------------------------------------------------------
                         slack                                  0.100    

Slack (MET) :             0.108ns  (arrival time - required time)
  Source:                 U_LED_SET/U_ZONE_MONITOR/led_flat_reg[4]/C
                            (rising edge-triggered cell FDCE clocked by cam_pclk  {rise@0.000ns fall@20.000ns period=40.000ns})
  Destination:            tx_data_out_reg[70]/D
                            (rising edge-triggered cell FDCE clocked by sys_clk_pin  {rise@0.000ns fall@5.000ns period=10.000ns})
  Path Group:             sys_clk_pin
  Path Type:              Hold (Min at Fast Process Corner)
  Requirement:            0.000ns  (sys_clk_pin rise@0.000ns - cam_pclk rise@0.000ns)
  Data Path Delay:        0.381ns  (logic 0.186ns (48.878%)  route 0.195ns (51.122%))
  Logic Levels:           1  (LUT4=1)
  Clock Path Skew:        0.116ns (DCD - SCD - CPR)
    Destination Clock Delay (DCD):    1.964ns
    Source Clock Delay      (SCD):    1.848ns
    Clock Pessimism Removal (CPR):    -0.000ns
  Clock Uncertainty:      0.035ns  ((TSJ^2 + TIJ^2)^1/2 + DJ) / 2 + PE
    Total System Jitter     (TSJ):    0.071ns
    Total Input Jitter      (TIJ):    0.000ns
    Discrete Jitter          (DJ):    0.000ns
    Phase Error              (PE):    0.000ns
  Clock Domain Crossing:  Inter clock paths are considered valid unless explicitly excluded by timing constraints such as set_clock_groups or set_false_path.

    Location             Delay type                Incr(ns)  Path(ns)    Netlist Resource(s)
  -------------------------------------------------------------------    -------------------
                         (clock cam_pclk rise edge)
                                                      0.000     0.000 r  
    N1                                                0.000     0.000 r  pclk (IN)
                         net (fo=0)                   0.000     0.000    pclk
    N1                   IBUF (Prop_ibuf_I_O)         0.223     0.223 r  pclk_IBUF_inst/O
                         net (fo=1, routed)           1.034     1.257    pclk_IBUF
    BUFGCTRL_X0Y2        BUFG (Prop_bufg_I_O)         0.026     1.283 r  pclk_IBUF_BUFG_inst/O
                         net (fo=348, routed)         0.566     1.848    U_LED_SET/U_ZONE_MONITOR/CLK
    SLICE_X53Y43         FDCE                                         r  U_LED_SET/U_ZONE_MONITOR/led_flat_reg[4]/C
  -------------------------------------------------------------------    -------------------
    SLICE_X53Y43         FDCE (Prop_fdce_C_Q)         0.141     1.989 r  U_LED_SET/U_ZONE_MONITOR/led_flat_reg[4]/Q
                         net (fo=5, routed)           0.195     2.184    U_LED_SET/U_UNIT_STATUS/Q[4]
    SLICE_X50Y44         LUT4 (Prop_lut4_I1_O)        0.045     2.229 r  U_LED_SET/U_UNIT_STATUS/tx_data_out[70]_i_1/O
                         net (fo=1, routed)           0.000     2.229    unit_flat[2]
    SLICE_X50Y44         FDCE                                         r  tx_data_out_reg[70]/D
  -------------------------------------------------------------------    -------------------

                         (clock sys_clk_pin rise edge)
                                                      0.000     0.000 r  
    W5                                                0.000     0.000 r  clk (IN)
                         net (fo=0)                   0.000     0.000    clk
    W5                   IBUF (Prop_ibuf_I_O)         0.414     0.414 r  clk_IBUF_inst/O
                         net (fo=1, routed)           0.685     1.099    clk_IBUF
    BUFGCTRL_X0Y1        BUFG (Prop_bufg_I_O)         0.029     1.128 r  clk_IBUF_BUFG_inst/O
                         net (fo=10966, routed)       0.837     1.964    clk_IBUF_BUFG
    SLICE_X50Y44         FDCE                                         r  tx_data_out_reg[70]/C
                         clock pessimism              0.000     1.964    
                         clock uncertainty            0.035     2.000    
    SLICE_X50Y44         FDCE (Hold_fdce_C_D)         0.121     2.121    tx_data_out_reg[70]
  -------------------------------------------------------------------
                         required time                         -2.121    
                         arrival time                           2.229    
  -------------------------------------------------------------------
                         slack                                  0.108    

Slack (MET) :             0.170ns  (arrival time - required time)
  Source:                 U_LED_SET/U_ZONE_MONITOR/led_flat_reg[10]/C
                            (rising edge-triggered cell FDCE clocked by cam_pclk  {rise@0.000ns fall@20.000ns period=40.000ns})
  Destination:            tx_data_out_reg[73]/D
                            (rising edge-triggered cell FDCE clocked by sys_clk_pin  {rise@0.000ns fall@5.000ns period=10.000ns})
  Path Group:             sys_clk_pin
  Path Type:              Hold (Min at Fast Process Corner)
  Requirement:            0.000ns  (sys_clk_pin rise@0.000ns - cam_pclk rise@0.000ns)
  Data Path Delay:        0.452ns  (logic 0.213ns (47.098%)  route 0.239ns (52.902%))
  Logic Levels:           1  (LUT4=1)
  Clock Path Skew:        0.116ns (DCD - SCD - CPR)
    Destination Clock Delay (DCD):    1.964ns
    Source Clock Delay      (SCD):    1.848ns
    Clock Pessimism Removal (CPR):    -0.000ns
  Clock Uncertainty:      0.035ns  ((TSJ^2 + TIJ^2)^1/2 + DJ) / 2 + PE
    Total System Jitter     (TSJ):    0.071ns
    Total Input Jitter      (TIJ):    0.000ns
    Discrete Jitter          (DJ):    0.000ns
    Phase Error              (PE):    0.000ns
  Clock Domain Crossing:  Inter clock paths are considered valid unless explicitly excluded by timing constraints such as set_clock_groups or set_false_path.

    Location             Delay type                Incr(ns)  Path(ns)    Netlist Resource(s)
  -------------------------------------------------------------------    -------------------
                         (clock cam_pclk rise edge)
                                                      0.000     0.000 r  
    N1                                                0.000     0.000 r  pclk (IN)
                         net (fo=0)                   0.000     0.000    pclk
    N1                   IBUF (Prop_ibuf_I_O)         0.223     0.223 r  pclk_IBUF_inst/O
                         net (fo=1, routed)           1.034     1.257    pclk_IBUF
    BUFGCTRL_X0Y2        BUFG (Prop_bufg_I_O)         0.026     1.283 r  pclk_IBUF_BUFG_inst/O
                         net (fo=348, routed)         0.566     1.848    U_LED_SET/U_ZONE_MONITOR/CLK
    SLICE_X52Y44         FDCE                                         r  U_LED_SET/U_ZONE_MONITOR/led_flat_reg[10]/C
  -------------------------------------------------------------------    -------------------
    SLICE_X52Y44         FDCE (Prop_fdce_C_Q)         0.164     2.012 r  U_LED_SET/U_ZONE_MONITOR/led_flat_reg[10]/Q
                         net (fo=5, routed)           0.239     2.252    U_LED_SET/U_UNIT_STATUS/Q[10]
    SLICE_X50Y44         LUT4 (Prop_lut4_I3_O)        0.049     2.301 r  U_LED_SET/U_UNIT_STATUS/tx_data_out[73]_i_1/O
                         net (fo=1, routed)           0.000     2.301    unit_flat[5]
    SLICE_X50Y44         FDCE                                         r  tx_data_out_reg[73]/D
  -------------------------------------------------------------------    -------------------

                         (clock sys_clk_pin rise edge)
                                                      0.000     0.000 r  
    W5                                                0.000     0.000 r  clk (IN)
                         net (fo=0)                   0.000     0.000    clk
    W5                   IBUF (Prop_ibuf_I_O)         0.414     0.414 r  clk_IBUF_inst/O
                         net (fo=1, routed)           0.685     1.099    clk_IBUF
    BUFGCTRL_X0Y1        BUFG (Prop_bufg_I_O)         0.029     1.128 r  clk_IBUF_BUFG_inst/O
                         net (fo=10966, routed)       0.837     1.964    clk_IBUF_BUFG
    SLICE_X50Y44         FDCE                                         r  tx_data_out_reg[73]/C
                         clock pessimism              0.000     1.964    
                         clock uncertainty            0.035     2.000    
    SLICE_X50Y44         FDCE (Hold_fdce_C_D)         0.131     2.131    tx_data_out_reg[73]
  -------------------------------------------------------------------
                         required time                         -2.131    
                         arrival time                           2.301    
  -------------------------------------------------------------------
                         slack                                  0.170    

Slack (MET) :             0.176ns  (arrival time - required time)
  Source:                 U_LED_SET/U_ZONE_MONITOR/led_flat_reg[10]/C
                            (rising edge-triggered cell FDCE clocked by cam_pclk  {rise@0.000ns fall@20.000ns period=40.000ns})
  Destination:            tx_data_out_reg[72]/D
                            (rising edge-triggered cell FDCE clocked by sys_clk_pin  {rise@0.000ns fall@5.000ns period=10.000ns})
  Path Group:             sys_clk_pin
  Path Type:              Hold (Min at Fast Process Corner)
  Requirement:            0.000ns  (sys_clk_pin rise@0.000ns - cam_pclk rise@0.000ns)
  Data Path Delay:        0.448ns  (logic 0.209ns (46.626%)  route 0.239ns (53.374%))
  Logic Levels:           1  (LUT4=1)
  Clock Path Skew:        0.116ns (DCD - SCD - CPR)
    Destination Clock Delay (DCD):    1.964ns
    Source Clock Delay      (SCD):    1.848ns
    Clock Pessimism Removal (CPR):    -0.000ns
  Clock Uncertainty:      0.035ns  ((TSJ^2 + TIJ^2)^1/2 + DJ) / 2 + PE
    Total System Jitter     (TSJ):    0.071ns
    Total Input Jitter      (TIJ):    0.000ns
    Discrete Jitter          (DJ):    0.000ns
    Phase Error              (PE):    0.000ns
  Clock Domain Crossing:  Inter clock paths are considered valid unless explicitly excluded by timing constraints such as set_clock_groups or set_false_path.

    Location             Delay type                Incr(ns)  Path(ns)    Netlist Resource(s)
  -------------------------------------------------------------------    -------------------
                         (clock cam_pclk rise edge)
                                                      0.000     0.000 r  
    N1                                                0.000     0.000 r  pclk (IN)
                         net (fo=0)                   0.000     0.000    pclk
    N1                   IBUF (Prop_ibuf_I_O)         0.223     0.223 r  pclk_IBUF_inst/O
                         net (fo=1, routed)           1.034     1.257    pclk_IBUF
    BUFGCTRL_X0Y2        BUFG (Prop_bufg_I_O)         0.026     1.283 r  pclk_IBUF_BUFG_inst/O
                         net (fo=348, routed)         0.566     1.848    U_LED_SET/U_ZONE_MONITOR/CLK
    SLICE_X52Y44         FDCE                                         r  U_LED_SET/U_ZONE_MONITOR/led_flat_reg[10]/C
  -------------------------------------------------------------------    -------------------
    SLICE_X52Y44         FDCE (Prop_fdce_C_Q)         0.164     2.012 r  U_LED_SET/U_ZONE_MONITOR/led_flat_reg[10]/Q
                         net (fo=5, routed)           0.239     2.252    U_LED_SET/U_UNIT_STATUS/Q[10]
    SLICE_X50Y44         LUT4 (Prop_lut4_I3_O)        0.045     2.297 r  U_LED_SET/U_UNIT_STATUS/tx_data_out[72]_i_1/O
                         net (fo=1, routed)           0.000     2.297    unit_flat[4]
    SLICE_X50Y44         FDCE                                         r  tx_data_out_reg[72]/D
  -------------------------------------------------------------------    -------------------

                         (clock sys_clk_pin rise edge)
                                                      0.000     0.000 r  
    W5                                                0.000     0.000 r  clk (IN)
                         net (fo=0)                   0.000     0.000    clk
    W5                   IBUF (Prop_ibuf_I_O)         0.414     0.414 r  clk_IBUF_inst/O
                         net (fo=1, routed)           0.685     1.099    clk_IBUF
    BUFGCTRL_X0Y1        BUFG (Prop_bufg_I_O)         0.029     1.128 r  clk_IBUF_BUFG_inst/O
                         net (fo=10966, routed)       0.837     1.964    clk_IBUF_BUFG
    SLICE_X50Y44         FDCE                                         r  tx_data_out_reg[72]/C
                         clock pessimism              0.000     1.964    
                         clock uncertainty            0.035     2.000    
    SLICE_X50Y44         FDCE (Hold_fdce_C_D)         0.121     2.121    tx_data_out_reg[72]
  -------------------------------------------------------------------
                         required time                         -2.121    
                         arrival time                           2.297    
  -------------------------------------------------------------------
                         slack                                  0.176    

Slack (MET) :             0.197ns  (arrival time - required time)
  Source:                 U_LED_SET/U_ZONE_MONITOR/led_flat_reg[1]/C
                            (rising edge-triggered cell FDCE clocked by cam_pclk  {rise@0.000ns fall@20.000ns period=40.000ns})
  Destination:            tx_data_out_reg[69]/D
                            (rising edge-triggered cell FDCE clocked by sys_clk_pin  {rise@0.000ns fall@5.000ns period=10.000ns})
  Path Group:             sys_clk_pin
  Path Type:              Hold (Min at Fast Process Corner)
  Requirement:            0.000ns  (sys_clk_pin rise@0.000ns - cam_pclk rise@0.000ns)
  Data Path Delay:        0.477ns  (logic 0.187ns (39.174%)  route 0.290ns (60.826%))
  Logic Levels:           1  (LUT4=1)
  Clock Path Skew:        0.114ns (DCD - SCD - CPR)
    Destination Clock Delay (DCD):    1.964ns
    Source Clock Delay      (SCD):    1.850ns
    Clock Pessimism Removal (CPR):    -0.000ns
  Clock Uncertainty:      0.035ns  ((TSJ^2 + TIJ^2)^1/2 + DJ) / 2 + PE
    Total System Jitter     (TSJ):    0.071ns
    Total Input Jitter      (TIJ):    0.000ns
    Discrete Jitter          (DJ):    0.000ns
    Phase Error              (PE):    0.000ns
  Clock Domain Crossing:  Inter clock paths are considered valid unless explicitly excluded by timing constraints such as set_clock_groups or set_false_path.

    Location             Delay type                Incr(ns)  Path(ns)    Netlist Resource(s)
  -------------------------------------------------------------------    -------------------
                         (clock cam_pclk rise edge)
                                                      0.000     0.000 r  
    N1                                                0.000     0.000 r  pclk (IN)
                         net (fo=0)                   0.000     0.000    pclk
    N1                   IBUF (Prop_ibuf_I_O)         0.223     0.223 r  pclk_IBUF_inst/O
                         net (fo=1, routed)           1.034     1.257    pclk_IBUF
    BUFGCTRL_X0Y2        BUFG (Prop_bufg_I_O)         0.026     1.283 r  pclk_IBUF_BUFG_inst/O
                         net (fo=348, routed)         0.568     1.850    U_LED_SET/U_ZONE_MONITOR/CLK
    SLICE_X57Y44         FDCE                                         r  U_LED_SET/U_ZONE_MONITOR/led_flat_reg[1]/C
  -------------------------------------------------------------------    -------------------
    SLICE_X57Y44         FDCE (Prop_fdce_C_Q)         0.141     1.991 r  U_LED_SET/U_ZONE_MONITOR/led_flat_reg[1]/Q
                         net (fo=5, routed)           0.290     2.282    U_LED_SET/U_UNIT_STATUS/Q[1]
    SLICE_X50Y44         LUT4 (Prop_lut4_I0_O)        0.046     2.328 r  U_LED_SET/U_UNIT_STATUS/tx_data_out[69]_i_1/O
                         net (fo=1, routed)           0.000     2.328    unit_flat[1]
    SLICE_X50Y44         FDCE                                         r  tx_data_out_reg[69]/D
  -------------------------------------------------------------------    -------------------

                         (clock sys_clk_pin rise edge)
                                                      0.000     0.000 r  
    W5                                                0.000     0.000 r  clk (IN)
                         net (fo=0)                   0.000     0.000    clk
    W5                   IBUF (Prop_ibuf_I_O)         0.414     0.414 r  clk_IBUF_inst/O
                         net (fo=1, routed)           0.685     1.099    clk_IBUF
    BUFGCTRL_X0Y1        BUFG (Prop_bufg_I_O)         0.029     1.128 r  clk_IBUF_BUFG_inst/O
                         net (fo=10966, routed)       0.837     1.964    clk_IBUF_BUFG
    SLICE_X50Y44         FDCE                                         r  tx_data_out_reg[69]/C
                         clock pessimism              0.000     1.964    
                         clock uncertainty            0.035     2.000    
    SLICE_X50Y44         FDCE (Hold_fdce_C_D)         0.131     2.131    tx_data_out_reg[69]
  -------------------------------------------------------------------
                         required time                         -2.131    
                         arrival time                           2.328    
  -------------------------------------------------------------------
                         slack                                  0.197    

Slack (MET) :             0.207ns  (arrival time - required time)
  Source:                 U_LED_SET/U_ZONE_MONITOR/led_flat_reg[1]/C
                            (rising edge-triggered cell FDCE clocked by cam_pclk  {rise@0.000ns fall@20.000ns period=40.000ns})
  Destination:            tx_data_out_reg[68]/D
                            (rising edge-triggered cell FDCE clocked by sys_clk_pin  {rise@0.000ns fall@5.000ns period=10.000ns})
  Path Group:             sys_clk_pin
  Path Type:              Hold (Min at Fast Process Corner)
  Requirement:            0.000ns  (sys_clk_pin rise@0.000ns - cam_pclk rise@0.000ns)
  Data Path Delay:        0.476ns  (logic 0.186ns (39.046%)  route 0.290ns (60.954%))
  Logic Levels:           1  (LUT4=1)
  Clock Path Skew:        0.114ns (DCD - SCD - CPR)
    Destination Clock Delay (DCD):    1.964ns
    Source Clock Delay      (SCD):    1.850ns
    Clock Pessimism Removal (CPR):    -0.000ns
  Clock Uncertainty:      0.035ns  ((TSJ^2 + TIJ^2)^1/2 + DJ) / 2 + PE
    Total System Jitter     (TSJ):    0.071ns
    Total Input Jitter      (TIJ):    0.000ns
    Discrete Jitter          (DJ):    0.000ns
    Phase Error              (PE):    0.000ns
  Clock Domain Crossing:  Inter clock paths are considered valid unless explicitly excluded by timing constraints such as set_clock_groups or set_false_path.

    Location             Delay type                Incr(ns)  Path(ns)    Netlist Resource(s)
  -------------------------------------------------------------------    -------------------
                         (clock cam_pclk rise edge)
                                                      0.000     0.000 r  
    N1                                                0.000     0.000 r  pclk (IN)
                         net (fo=0)                   0.000     0.000    pclk
    N1                   IBUF (Prop_ibuf_I_O)         0.223     0.223 r  pclk_IBUF_inst/O
                         net (fo=1, routed)           1.034     1.257    pclk_IBUF
    BUFGCTRL_X0Y2        BUFG (Prop_bufg_I_O)         0.026     1.283 r  pclk_IBUF_BUFG_inst/O
                         net (fo=348, routed)         0.568     1.850    U_LED_SET/U_ZONE_MONITOR/CLK
    SLICE_X57Y44         FDCE                                         r  U_LED_SET/U_ZONE_MONITOR/led_flat_reg[1]/C
  -------------------------------------------------------------------    -------------------
    SLICE_X57Y44         FDCE (Prop_fdce_C_Q)         0.141     1.991 r  U_LED_SET/U_ZONE_MONITOR/led_flat_reg[1]/Q
                         net (fo=5, routed)           0.290     2.282    U_LED_SET/U_UNIT_STATUS/Q[1]
    SLICE_X50Y44         LUT4 (Prop_lut4_I0_O)        0.045     2.327 r  U_LED_SET/U_UNIT_STATUS/tx_data_out[68]_i_1/O
                         net (fo=1, routed)           0.000     2.327    unit_flat[0]
    SLICE_X50Y44         FDCE                                         r  tx_data_out_reg[68]/D
  -------------------------------------------------------------------    -------------------

                         (clock sys_clk_pin rise edge)
                                                      0.000     0.000 r  
    W5                                                0.000     0.000 r  clk (IN)
                         net (fo=0)                   0.000     0.000    clk
    W5                   IBUF (Prop_ibuf_I_O)         0.414     0.414 r  clk_IBUF_inst/O
                         net (fo=1, routed)           0.685     1.099    clk_IBUF
    BUFGCTRL_X0Y1        BUFG (Prop_bufg_I_O)         0.029     1.128 r  clk_IBUF_BUFG_inst/O
                         net (fo=10966, routed)       0.837     1.964    clk_IBUF_BUFG
    SLICE_X50Y44         FDCE                                         r  tx_data_out_reg[68]/C
                         clock pessimism              0.000     1.964    
                         clock uncertainty            0.035     2.000    
    SLICE_X50Y44         FDCE (Hold_fdce_C_D)         0.120     2.120    tx_data_out_reg[68]
  -------------------------------------------------------------------
                         required time                         -2.120    
                         arrival time                           2.327    
  -------------------------------------------------------------------
                         slack                                  0.207    





